x,y,layer1,layer2,voltage1,voltage2,current
3978.18,4258.82,SIG_PWR1,GND1,0.000151006,0.000150998,4.7381e-05
3978.18,4258.82,GND1,GNS2,0.000150998,0.000151063,-5.43499e-05
3978.18,4258.82,GNS2,SIG_PWR2,0.000151063,0.000151065,-1.19268e-05
3978.18,4564.82,SIG_PWR1,GND1,0.000151624,0.000151607,0.000109976
3978.18,4564.82,GND1,GNS2,0.000151607,0.000151598,7.2433e-06
3978.18,4564.82,GNS2,SIG_PWR2,0.000151598,0.000151598,-7.65626e-07
3978.18,4870.82,SIG_PWR1,GND1,0.000152134,0.000152122,7.86111e-05
3978.18,4870.82,GND1,GNS2,0.000152122,0.000152083,3.2886e-05
3978.18,4870.82,GNS2,SIG_PWR2,0.000152083,0.000152079,2.80618e-05
3978.18,5176.82,SIG_PWR1,GND1,0.000152462,0.000152459,2.35961e-05
3978.18,5176.82,GND1,GNS2,0.000152459,0.000152415,3.72964e-05
3978.18,5176.82,GNS2,SIG_PWR2,0.000152415,0.000152408,4.12688e-05
3978.18,5482.82,SIG_PWR1,GND1,0.000152562,0.000152569,-4.41316e-05
3978.18,5482.82,GND1,GNS2,0.000152569,0.000152524,3.77684e-05
3978.18,5482.82,GNS2,SIG_PWR2,0.000152524,0.000152517,4.64676e-05
3978.18,5788.82,SIG_PWR1,GND1,0.000152464,0.000152471,-4.03054e-05
3978.18,5788.82,GND1,GNS2,0.000152471,0.000152386,7.17329e-05
3978.18,5788.82,GNS2,SIG_PWR2,0.000152386,0.000152377,5.20945e-05
3978.18,6094.82,SIG_PWR1,GND1,0.000152043,0.00015206,-0.000106564
3978.18,6094.82,GND1,GNS2,0.00015206,0.000151922,0.000116063
3978.18,6094.82,GNS2,SIG_PWR2,0.000151922,0.00015191,7.54377e-05
3978.18,6400.82,SIG_PWR1,GND1,0.000151269,0.000151286,-0.00011037
3978.18,6400.82,GND1,GNS2,0.000151286,0.000151099,0.000157542
3978.18,6400.82,GNS2,SIG_PWR2,0.000151099,0.00015109,6.22858e-05
3979.18,3964.82,SIG_PWR1,GND1,0.000150404,0.000150412,-5.18749e-05
3979.18,3964.82,GND1,GNS2,0.000150412,0.000150636,-0.00018888
3979.18,3964.82,GNS2,SIG_PWR2,0.000150636,0.000150648,-7.68432e-05
3980.18,6699.82,SIG_PWR1,GND1,0.00015016,0.000150159,5.52213e-06
3980.18,6699.82,GND1,GNS2,0.000150159,0.000149926,0.00019644
3980.18,6699.82,GNS2,SIG_PWR2,0.000149926,0.00014993,-2.51094e-05
3991.67,7967.27,SIG_PWR1,GND1,0.00014565,0.000145654,-2.53252e-05
3991.67,7967.27,GND1,GNS2,0.000145654,0.000145639,1.25252e-05
3991.67,7967.27,GNS2,SIG_PWR2,0.000145639,0.000145634,3.36544e-05
4013.18,3787.82,SIG_PWR1,GND1,4.99996,4.99996,3.0952e-10
4013.18,3787.82,GND1,GNS2,4.99996,4.99996,3.06209e-10
4013.18,3787.82,GNS2,SIG_PWR2,4.99996,4.99996,3.03788e-10
4013.18,3835.82,SIG_PWR1,GND1,4.99996,4.99996,3.84034e-10
4013.18,3835.82,GND1,GNS2,4.99996,4.99996,3.80329e-10
4013.18,3835.82,GNS2,SIG_PWR2,4.99996,4.99996,3.78302e-10
4019.18,4099.82,SIG_PWR1,GND1,4.99996,4.99996,-7.4514e-11
4019.18,4099.82,GND1,GNS2,4.99996,4.99996,-7.18731e-11
4019.18,4099.82,GNS2,SIG_PWR2,4.99996,4.99996,-6.87821e-11
4019.18,4139.32,SIG_PWR1,GND1,4.99996,4.99996,5.73185e-12
4019.18,4139.32,GND1,GNS2,4.99996,4.99996,5.24075e-12
4019.18,4139.32,GNS2,SIG_PWR2,4.99996,4.99996,5.73185e-12
4019.18,4179.82,SIG_PWR1,GND1,4.99996,4.99996,8.02458e-11
4019.18,4179.82,GND1,GNS2,4.99996,4.99996,7.63652e-11
4019.18,4179.82,GNS2,SIG_PWR2,4.99996,4.99996,7.4514e-11
4051.74,8141.26,SIG_PWR1,GND1,0.000145567,0.000145567,-1.94085e-06
4051.74,8141.26,GND1,GNS2,0.000145567,0.000145562,1.1829e-05
4051.74,8141.26,GNS2,SIG_PWR2,0.000145562,0.00014556,2.30142e-05
4078.1,8077.62,SIG_PWR1,GND1,0.000145566,0.000145567,-1.36368e-05
4078.1,8077.62,GND1,GNS2,0.000145567,0.000145561,1.31869e-05
4078.1,8077.62,GNS2,SIG_PWR2,0.000145561,0.000145559,3.45253e-05
4078.1,8204.9,SIG_PWR1,GND1,0.000145552,0.000145552,1.50137e-06
4078.1,8204.9,GND1,GNS2,0.000145552,0.000145549,6.29582e-06
4078.1,8204.9,GNS2,SIG_PWR2,0.000145549,0.000145548,7.44554e-06
4076.18,3788.82,SIG_PWR1,GND1,4.99996,4.99996,6.70626e-10
4076.18,3788.82,GND1,GNS2,4.99996,4.99996,6.69318e-10
4076.18,3788.82,GNS2,SIG_PWR2,4.99996,4.99996,6.64894e-10
4077.18,3836.82,SIG_PWR1,GND1,4.99996,4.99996,7.50872e-10
4077.18,3836.82,GND1,GNS2,4.99996,4.99996,7.46432e-10
4077.18,3836.82,GNS2,SIG_PWR2,4.99996,4.99996,7.4514e-10
4141.74,8051.26,SIG_PWR1,GND1,0.00014554,0.000145543,-5.76048e-05
4141.74,8051.26,GND1,GNS2,0.000145543,0.000145539,8.15062e-06
4141.74,8051.26,GNS2,SIG_PWR2,0.000145539,0.000145537,3.32291e-05
4176.26,8106.74,SIG_PWR1,GND1,0.00014554,0.00014554,-5.75419e-07
4176.26,8106.74,GND1,GNS2,0.00014554,0.000145539,7.94291e-06
4176.26,8106.74,GNS2,SIG_PWR2,0.000145539,0.000145539,-6.16638e-06
4141.74,8231.26,SIG_PWR1,GND1,0.000145541,0.000145541,9.73055e-07
4141.74,8231.26,GND1,GNS2,0.000145541,0.000145539,3.49893e-06
4141.74,8231.26,GNS2,SIG_PWR2,0.000145539,0.000145539,-1.92074e-06
4138.03,3542.13,SIG_PWR1,GND1,0.000149699,0.000149771,-0.00046575
4138.03,3542.13,GND1,GNS2,0.000149771,0.000150438,-0.00056187
4138.03,3542.13,GNS2,SIG_PWR2,0.000150438,0.000150558,-0.000777209
4205.38,8077.62,SIG_PWR1,GND1,0.000145524,0.000145526,-1.75229e-05
4205.38,8077.62,GND1,GNS2,0.000145526,0.000145516,2.02298e-05
4205.38,8077.62,GNS2,SIG_PWR2,0.000145516,0.000145511,6.756e-05
4205.38,8204.9,SIG_PWR1,GND1,0.000145534,0.000145534,1.78006e-06
4205.38,8204.9,GND1,GNS2,0.000145534,0.00014553,8.66318e-06
4205.38,8204.9,GNS2,SIG_PWR2,0.00014553,0.000145529,1.76497e-05
4200.18,3415.82,SIG_PWR1,GND1,0.000149649,0.000149711,-0.000405424
4200.18,3415.82,GND1,GNS2,0.000149711,0.000150451,-0.00062392
4200.18,3415.82,GNS2,SIG_PWR2,0.000150451,0.000150625,-0.00111723
4231.74,8141.26,SIG_PWR1,GND1,0.00014552,0.000145521,-1.13139e-05
4231.74,8141.26,GND1,GNS2,0.000145521,0.000145516,1.08368e-05
4231.74,8141.26,GNS2,SIG_PWR2,0.000145516,0.000145515,1.72867e-05
4255.18,7503.82,SIG_PWR1,GND1,0.000146404,0.00014639,9.0601e-05
4255.18,7503.82,GND1,GNS2,0.00014639,0.000146364,2.195e-05
4255.18,7503.82,GNS2,SIG_PWR2,0.000146364,0.000146395,-0.000198238
4257.18,7404.82,SIG_PWR1,GND1,0.000146836,0.000146826,6.13006e-05
4257.18,7404.82,GND1,GNS2,0.000146826,0.000146741,7.16414e-05
4257.18,7404.82,GNS2,SIG_PWR2,0.000146741,0.000146742,-2.98595e-06
4259.18,7305.82,SIG_PWR1,GND1,0.000147177,0.000147166,6.83476e-05
4259.18,7305.82,GND1,GNS2,0.000147166,0.000147037,0.00010937
4259.18,7305.82,GNS2,SIG_PWR2,0.000147037,0.000147029,4.77723e-05
4261.18,6704.82,SIG_PWR1,GND1,0.00015036,0.000150368,-4.97892e-05
4261.18,6704.82,GND1,GNS2,0.000150368,0.000149886,0.00040594
4261.18,6704.82,GNS2,SIG_PWR2,0.000149886,0.000149836,0.00032551
4262.18,7206.82,SIG_PWR1,GND1,0.000147732,0.000147726,4.1283e-05
4262.18,7206.82,GND1,GNS2,0.000147726,0.000147534,0.000161592
4262.18,7206.82,GNS2,SIG_PWR2,0.000147534,0.000147528,3.46561e-05
4263.18,6605.82,SIG_PWR1,GND1,0.000150909,0.000150921,-7.94975e-05
4263.18,6605.82,GND1,GNS2,0.000150921,0.000150296,0.000526991
4263.18,6605.82,GNS2,SIG_PWR2,0.000150296,0.000150147,0.000959041
4263.18,7006.82,SIG_PWR1,GND1,0.000148753,0.00014875,2.04928e-05
4263.18,7006.82,GND1,GNS2,0.00014875,0.000148439,0.000261563
4263.18,7006.82,GNS2,SIG_PWR2,0.000148439,0.000148422,0.000109006
4264.18,6906.82,SIG_PWR1,GND1,0.000149379,0.000149382,-2.32847e-05
4264.18,6906.82,GND1,GNS2,0.000149382,0.000149011,0.000312772
4264.18,6906.82,GNS2,SIG_PWR2,0.000149011,0.00014899,0.000137667
4264.18,7107.82,SIG_PWR1,GND1,0.000148318,0.000148317,9.55978e-06
4264.18,7107.82,GND1,GNS2,0.000148317,0.000148012,0.000256632
4264.18,7107.82,GNS2,SIG_PWR2,0.000148012,0.000147955,0.000372741
4265.18,6802.82,SIG_PWR1,GND1,0.000149963,0.000149971,-4.9993e-05
4265.18,6802.82,GND1,GNS2,0.000149971,0.000149499,0.000398024
4265.18,6802.82,GNS2,SIG_PWR2,0.000149499,0.000149421,0.000504736
4266.18,3984.82,SIG_PWR1,GND1,3.29082,3.29082,7.97938e-06
4266.18,3984.82,GND1,GNS2,3.29082,3.29082,7.97938e-06
4266.18,3984.82,GNS2,SIG_PWR2,3.29082,3.29082,7.97937e-06
4268.18,5902.82,SIG_PWR1,GND1,3.29085,3.29085,2.06346e-10
4268.18,5902.82,GND1,GNS2,3.29085,3.29085,2.06635e-10
4268.18,5902.82,GNS2,SIG_PWR2,3.29085,3.29085,2.06346e-10
4285.67,7971.27,SIG_PWR1,GND1,0.000145418,0.000145451,-0.00021299
4285.67,7971.27,GND1,GNS2,0.000145451,0.000145413,3.20478e-05
4285.67,7971.27,GNS2,SIG_PWR2,0.000145413,0.000145364,0.00031486
4327.18,3985.82,SIG_PWR1,GND1,3.29082,3.29082,-7.97938e-06
4327.18,3985.82,GND1,GNS2,3.29082,3.29082,-7.97938e-06
4327.18,3985.82,GNS2,SIG_PWR2,3.29082,3.29082,-7.97938e-06
4332.18,5902.82,SIG_PWR1,GND1,3.29085,3.29085,-2.09212e-10
4332.18,5902.82,GND1,GNS2,3.29085,3.29085,-2.10753e-10
4332.18,5902.82,GNS2,SIG_PWR2,3.29085,3.29085,-2.14944e-10
4383.18,5742.82,SIG_PWR1,GND1,0.000152798,0.000152819,-0.000134795
4383.18,5742.82,GND1,GNS2,0.000152819,0.000152709,9.27051e-05
4383.18,5742.82,GNS2,SIG_PWR2,0.000152709,0.000152694,9.29034e-05
4383.18,5915.82,SIG_PWR1,GND1,0.000152773,0.000152782,-5.79551e-05
4383.18,5915.82,GND1,GNS2,0.000152782,0.000152597,0.000156027
4383.18,5915.82,GNS2,SIG_PWR2,0.000152597,0.000152584,8.04179e-05
4455.9,3390.19,SIG_PWR1,GND1,0.000149276,0.000149329,-0.000338673
4455.9,3390.19,GND1,GNS2,0.000149329,0.000149953,-0.000525985
4455.9,3390.19,GNS2,SIG_PWR2,0.000149953,0.000150015,-0.000403525
4455.9,3685.46,SIG_PWR1,GND1,0.000149358,0.000149458,-0.000646314
4455.9,3685.46,GND1,GNS2,0.000149458,0.000150059,-0.00050637
4455.9,3685.46,GNS2,SIG_PWR2,0.000150059,0.000150077,-0.000118055
4457.9,3279.19,SIG_PWR1,GND1,0.000149286,0.000149331,-0.000289518
4457.9,3279.19,GND1,GNS2,0.000149331,0.000149916,-0.000493011
4457.9,3279.19,GNS2,SIG_PWR2,0.000149916,0.000149971,-0.000355458
4463.18,6359.82,SIG_PWR1,GND1,0.000152807,0.000152693,0.000732718
4463.18,6359.82,GND1,GNS2,0.000152693,0.000151969,0.000610844
4463.18,6359.82,GNS2,SIG_PWR2,0.000151969,0.000152045,-0.000491013
4504.18,7912.82,SIG_PWR1,GND1,0.00014463,0.000144683,-0.000339601
4504.18,7912.82,GND1,GNS2,0.000144683,0.000144579,8.76704e-05
4504.18,7912.82,GNS2,SIG_PWR2,0.000144579,0.000144474,0.000672892
4519.26,4029.64,SIG_PWR1,GND1,0.000150159,0.000150143,9.93851e-05
4519.26,4029.64,GND1,GNS2,0.000150143,0.000150431,-0.000242366
4519.26,4029.64,GNS2,SIG_PWR2,0.000150431,0.000150431,-1.89864e-06
4570.18,6158.82,SIG_PWR1,GND1,0.000153257,0.000153212,0.000292769
4570.18,6158.82,GND1,GNS2,0.000153212,0.000152515,0.000587877
4570.18,6158.82,GNS2,SIG_PWR2,0.000152515,0.000152456,0.00037664
4577.18,5575.82,SIG_PWR1,GND1,0.000153179,0.000153176,1.66726e-05
4577.18,5575.82,GND1,GNS2,0.000153176,0.000153091,7.16612e-05
4577.18,5575.82,GNS2,SIG_PWR2,0.000153091,0.000153095,-2.66779e-05
4580.95,5018.51,SIG_PWR1,GND1,0.000152774,0.000152784,-6.42243e-05
4580.95,5018.51,GND1,GNS2,0.000152784,0.000152799,-1.21842e-05
4580.95,5018.51,GNS2,SIG_PWR2,0.000152799,0.000152831,-0.000206873
4580.95,5313.78,SIG_PWR1,GND1,0.00015307,0.000153086,-0.000103571
4580.95,5313.78,GND1,GNS2,0.000153086,0.000153045,3.4956e-05
4580.95,5313.78,GNS2,SIG_PWR2,0.000153045,0.000153049,-3.0467e-05
4580.95,5609.06,SIG_PWR1,GND1,0.00015318,0.000153176,2.51103e-05
4580.95,5609.06,GND1,GNS2,0.000153176,0.000153091,7.16612e-05
4580.95,5609.06,GNS2,SIG_PWR2,0.000153091,0.000153094,-1.80462e-05
4580.95,7380.71,SIG_PWR1,GND1,0.000145537,0.000145859,-0.00207957
4580.95,7380.71,GND1,GNS2,0.000145859,0.000146155,-0.000249491
4580.95,7380.71,GNS2,SIG_PWR2,0.000146155,0.00014619,-0.000221731
4593.93,5982.6,SIG_PWR1,GND1,0.00015319,0.000153181,6.102e-05
4593.93,5982.6,GND1,GNS2,0.000153181,0.000152923,0.000217384
4593.93,5982.6,GNS2,SIG_PWR2,0.000152923,0.000152956,-0.000215305
4609.18,5860.82,SIG_PWR1,GND1,0.000153325,0.000153298,0.000176921
4609.18,5860.82,GND1,GNS2,0.000153298,0.000153056,0.000203439
4609.18,5860.82,GNS2,SIG_PWR2,0.000153056,0.000153066,-6.3569e-05
4645.18,5989.82,SIG_PWR1,GND1,0.00013023,0.00013023,3.49844e-16
4645.18,5989.82,GND1,GNS2,0.00013023,0.00013023,2.74174e-16
4645.18,5989.82,GNS2,SIG_PWR2,0.00013023,0.00013023,1.74922e-16
4653.18,7652.82,SIG_PWR1,GND1,0.00014441,0.000144503,-0.000600735
4653.18,7652.82,GND1,GNS2,0.000144503,0.000144853,-0.000295474
4653.18,7652.82,GNS2,SIG_PWR2,0.000144853,0.000145056,-0.00130993
4657.18,6582.82,SIG_PWR1,GND1,0.000153885,0.000153464,0.00271331
4657.18,6582.82,GND1,GNS2,0.000153464,0.000151058,0.00202801
4657.18,6582.82,GNS2,SIG_PWR2,0.000151058,0.000150771,0.00185526
4666.9,4587.82,SIG_PWR1,GND1,0.000152065,0.000151964,0.000647559
4666.9,4587.82,GND1,GNS2,0.000151964,0.00015185,9.64575e-05
4666.9,4587.82,GNS2,SIG_PWR2,0.00015185,0.000151861,-7.22136e-05
4666.9,4897.82,SIG_PWR1,GND1,0.000152643,0.000152667,-0.000159051
4666.9,4897.82,GND1,GNS2,0.000152667,0.00015264,2.28654e-05
4666.9,4897.82,GNS2,SIG_PWR2,0.00015264,0.000152636,2.60209e-05
4669.18,4380.82,SIG_PWR1,GND1,0.000151121,0.000151117,2.18034e-05
4669.18,4380.82,GND1,GNS2,0.000151117,0.00015113,-1.10959e-05
4669.18,4380.82,GNS2,SIG_PWR2,0.00015113,0.000151078,0.000336072
4670.18,4280.82,SIG_PWR1,GND1,0.000150733,0.000150726,4.44321e-05
4670.18,4280.82,GND1,GNS2,0.000150726,0.000150857,-0.000110636
4670.18,4280.82,GNS2,SIG_PWR2,0.000150857,0.000150844,8.6577e-05
4680.18,5466.82,SIG_PWR1,GND1,0.000153219,0.000153258,-0.000256019
4680.18,5466.82,GND1,GNS2,0.000153258,0.000153166,7.79938e-05
4680.18,5466.82,GNS2,SIG_PWR2,0.000153166,0.000153142,0.000154545
4687.18,6293.82,SIG_PWR1,GND1,3.29087,3.29087,5.73185e-12
4687.18,6293.82,GND1,GNS2,3.29087,3.29087,7.11244e-12
4687.18,6293.82,GNS2,SIG_PWR2,3.29087,3.29087,5.73185e-12
4700.18,5171.1,SIG_PWR1,GND1,0.000153074,0.000153145,-0.000455409
4700.18,5171.1,GND1,GNS2,0.000153145,0.000153109,2.96074e-05
4700.18,5171.1,GNS2,SIG_PWR2,0.000153109,0.000153082,0.000173952
4700.18,5783.1,SIG_PWR1,GND1,0.000153418,0.000153416,8.69789e-06
4700.18,5783.1,GND1,GNS2,0.000153416,0.000153159,0.000216761
4700.18,5783.1,GNS2,SIG_PWR2,0.000153159,0.000153143,0.000101802
4715.18,6034.82,SIG_PWR1,GND1,0.000153594,0.000153567,0.000177703
4715.18,6034.82,GND1,GNS2,0.000153567,0.000153039,0.000445353
4715.18,6034.82,GNS2,SIG_PWR2,0.000153039,0.000153051,-7.77083e-05
4728.59,3542.13,SIG_PWR1,GND1,0.000148568,0.000148662,-0.000606809
4728.59,3542.13,GND1,GNS2,0.000148662,0.000149677,-0.000855888
4728.59,3542.13,GNS2,SIG_PWR2,0.000149677,0.000149772,-0.000613528
4728.59,4132.68,SIG_PWR1,GND1,0.000150145,0.000150121,0.000155787
4728.59,4132.68,GND1,GNS2,0.000150121,0.00015048,-0.000302377
4728.59,4132.68,GNS2,SIG_PWR2,0.00015048,0.000150508,-0.000186193
4730.18,3387.82,SIG_PWR1,GND1,0.000148559,0.00014863,-0.00046083
4730.18,3387.82,GND1,GNS2,0.00014863,0.000149594,-0.00081268
4730.18,3387.82,GNS2,SIG_PWR2,0.000149594,0.000149686,-0.000591797
4732.18,3276.82,SIG_PWR1,GND1,0.000148574,0.000148638,-0.000416592
4732.18,3276.82,GND1,GNS2,0.000148638,0.000149553,-0.000770868
4732.18,3276.82,GNS2,SIG_PWR2,0.000149553,0.000149637,-0.000538376
4789.18,6106.82,SIG_PWR1,GND1,0.000153844,0.00015385,-4.41686e-05
4789.18,6106.82,GND1,GNS2,0.00015385,0.000153094,0.000637467
4789.18,6106.82,GNS2,SIG_PWR2,0.000153094,0.000153099,-3.28302e-05
4798.18,7913.82,SIG_PWR1,GND1,0.000143466,0.000143422,0.000281138
4798.18,7913.82,GND1,GNS2,0.000143422,0.000143132,0.000244931
4798.18,7913.82,GNS2,SIG_PWR2,0.000143132,0.000143032,0.000641679
4808.18,5901.82,SIG_PWR1,GND1,0.000153704,0.000153718,-8.76486e-05
4808.18,5901.82,GND1,GNS2,0.000153718,0.000153214,0.000424548
4808.18,5901.82,GNS2,SIG_PWR2,0.000153214,0.000153193,0.000137581
4813.18,6626.82,SIG_PWR1,GND1,0.000155932,0.000155243,0.00444868
4813.18,6626.82,GND1,GNS2,0.000155243,0.000151435,0.00320993
4813.18,6626.82,GNS2,SIG_PWR2,0.000151435,0.00015108,0.0022941
4814.54,4177.27,SIG_PWR1,GND1,0.000150174,0.000150115,0.000379961
4814.54,4177.27,GND1,GNS2,0.000150115,0.000150509,-0.000331635
4814.54,4177.27,GNS2,SIG_PWR2,0.000150509,0.000150551,-0.000274197
4834.18,6424.82,SIG_PWR1,GND1,0.000154682,0.0001547,-0.000119601
4834.18,6424.82,GND1,GNS2,0.0001547,0.000152653,0.00172581
4834.18,6424.82,GNS2,SIG_PWR2,0.000152653,0.000152653,-1.74922e-15
4872.18,5717.82,SIG_PWR1,GND1,0.000116979,0.000116928,0.000329058
4872.18,5717.82,GND1,GNS2,0.000116928,0.000116537,0.000329058
4872.18,5717.82,GNS2,SIG_PWR2,0.000116537,0.000116486,0.000329058
4876.22,3837.41,SIG_PWR1,GND1,0.000148308,0.000148501,-0.00124779
4876.22,3837.41,GND1,GNS2,0.000148501,0.000149768,-0.00106789
4876.22,3837.41,GNS2,SIG_PWR2,0.000149768,0.000149882,-0.000736662
4876.22,7380.71,SIG_PWR1,GND1,0.000144887,0.00014511,-0.00144099
4876.22,7380.71,GND1,GNS2,0.00014511,0.00014517,-5.06258e-05
4876.22,7380.71,GNS2,SIG_PWR2,0.00014517,0.000145216,-0.000299288
4895.18,3791.82,SIG_PWR1,GND1,0.000148164,0.000148316,-0.000979565
4895.18,3791.82,GND1,GNS2,0.000148316,0.000149695,-0.00116276
4895.18,3791.82,GNS2,SIG_PWR2,0.000149695,0.000149832,-0.000885426
4949.18,5851.82,SIG_PWR1,GND1,3.29126,3.29126,-0.000329167
4949.18,5851.82,GND1,GNS2,3.29126,3.29127,-0.000329167
4949.18,5851.82,GNS2,SIG_PWR2,3.29127,3.29127,-0.000329167
4952.18,7820.82,SIG_PWR1,GND1,0.00014214,0.0001422,-0.000383332
4952.18,7820.82,GND1,GNS2,0.0001422,0.000141959,0.000203297
4952.18,7820.82,GNS2,SIG_PWR2,0.000141959,0.000141827,0.000849892
4952.18,7887.82,SIG_PWR1,GND1,0.000142017,0.000142068,-0.000326239
4952.18,7887.82,GND1,GNS2,0.000142068,0.000141848,0.000184845
4952.18,7887.82,GNS2,SIG_PWR2,0.000141848,0.000141758,0.00058217
4961.47,6555.82,SIG_PWR1,GND1,3.29082,3.29082,-0.0345116
4961.47,6555.82,GND1,GNS2,3.29082,3.29086,-0.0345116
4961.47,6555.82,GNS2,SIG_PWR2,3.29086,3.29087,-0.0345116
4962.18,4472.55,SIG_PWR1,GND1,0.000151358,0.000151342,0.000103562
4962.18,4472.55,GND1,GNS2,0.000151342,0.000151413,-5.9834e-05
4962.18,4472.55,GNS2,SIG_PWR2,0.000151413,0.000151393,0.000126339
4962.18,4767.82,SIG_PWR1,GND1,0.000152881,0.000152933,-0.00033658
4962.18,4767.82,GND1,GNS2,0.000152933,0.000152738,0.000164392
4962.18,4767.82,GNS2,SIG_PWR2,0.000152738,0.000152663,0.000487137
4962.18,5063.1,SIG_PWR1,GND1,0.000153829,0.00015388,-0.000327324
4962.18,5063.1,GND1,GNS2,0.00015388,0.000153605,0.000231577
4962.18,5063.1,GNS2,SIG_PWR2,0.000153605,0.000153529,0.000492319
4962.18,5358.38,SIG_PWR1,GND1,0.000154071,0.0001541,-0.00018868
4962.18,5358.38,GND1,GNS2,0.0001541,0.000153824,0.000232907
4962.18,5358.38,GNS2,SIG_PWR2,0.000153824,0.000153779,0.000290842
4962.18,5607.82,SIG_PWR1,GND1,0.000153974,0.000153971,2.22129e-05
4962.18,5607.82,GND1,GNS2,0.000153971,0.000153651,0.000269
4962.18,5607.82,GNS2,SIG_PWR2,0.000153651,0.000153656,-2.9775e-05
4974.14,6800.86,SIG_PWR1,GND1,0.000153079,0.000153079,-3.49844e-16
4974.14,6800.86,GND1,GNS2,0.000153079,0.000149785,0.00277638
4974.14,6800.86,GNS2,SIG_PWR2,0.000149785,0.000149408,0.00243606
4974.18,6630.82,SIG_PWR1,GND1,0.000166295,0.000161885,0.0284579
4974.18,6630.82,GND1,GNS2,0.000161885,0.000152751,0.00770013
4974.18,6630.82,GNS2,SIG_PWR2,0.000152751,0.000152357,0.00254214
5002.18,7467.82,SIG_PWR1,GND1,0.000143882,0.00014378,0.000660981
5002.18,7467.82,GND1,GNS2,0.00014378,0.000143741,3.31523e-05
5002.18,7467.82,GNS2,SIG_PWR2,0.000143741,0.000143933,-0.00124278
5003.18,7408.82,SIG_PWR1,GND1,0.000144345,0.000144327,0.000114339
5003.18,7408.82,GND1,GNS2,0.000144327,0.000144203,0.000104648
5003.18,7408.82,GNS2,SIG_PWR2,0.000144203,0.00014432,-0.000758194
5005.18,5811.82,SIG_PWR1,GND1,0.000153999,0.000154042,-0.000272998
5005.18,5811.82,GND1,GNS2,0.000154042,0.000153486,0.000468677
5005.18,5811.82,GNS2,SIG_PWR2,0.000153486,0.000153573,-0.000564859
5023.86,3391.49,SIG_PWR1,GND1,0.000147262,0.000147379,-0.000755759
5023.86,3391.49,GND1,GNS2,0.000147379,0.000149493,-0.00178142
5023.86,3391.49,GNS2,SIG_PWR2,0.000149493,0.000149857,-0.00235495
5023.86,3686.77,SIG_PWR1,GND1,0.000147517,0.000147671,-0.000994859
5023.86,3686.77,GND1,GNS2,0.000147671,0.0001496,-0.00162576
5023.86,3686.77,GNS2,SIG_PWR2,0.0001496,0.000149842,-0.00155955
5025.86,3280.49,SIG_PWR1,GND1,0.000147271,0.000147384,-0.000729403
5025.86,3280.49,GND1,GNS2,0.000147384,0.000149411,-0.00170895
5025.86,3280.49,GNS2,SIG_PWR2,0.000149411,0.000149738,-0.00210998
5026.43,5676.08,SIG_PWR1,GND1,3.29166,3.29166,-0.000329204
5026.43,5676.08,GND1,GNS2,3.29166,3.29166,-0.000329204
5026.43,5676.08,GNS2,SIG_PWR2,3.29166,3.29166,-0.000329204
5052.18,6208.82,SIG_PWR1,GND1,0.000155451,0.000155504,-0.000345918
5052.18,6208.82,GND1,GNS2,0.000155504,0.000153334,0.00182931
5052.18,6208.82,GNS2,SIG_PWR2,0.000153334,0.000153311,0.000149789
5085.18,6297.79,SIG_PWR1,GND1,3.29083,3.29083,-0.0249779
5085.18,6297.79,GND1,GNS2,3.29083,3.29086,-0.0249779
5085.18,6297.79,GNS2,SIG_PWR2,3.29086,3.29086,-0.0249779
5092.18,6528.82,SIG_PWR1,GND1,0.000162219,0.000160094,0.013714
5092.18,6528.82,GND1,GNS2,0.000160094,0.000153622,0.0054552
5092.18,6528.82,GNS2,SIG_PWR2,0.000153622,0.000153622,1.74922e-16
5109.81,4029.64,SIG_PWR1,GND1,0.000147345,0.000147697,-0.00226839
5109.81,4029.64,GND1,GNS2,0.000147697,0.000149854,-0.00181868
5109.81,4029.64,GNS2,SIG_PWR2,0.000149854,0.000150194,-0.00219002
5121.18,5678.82,SIG_PWR1,GND1,3.29156,3.29155,0.0510148
5121.18,5678.82,GND1,GNS2,3.29155,3.29149,0.0510148
5121.18,5678.82,GNS2,SIG_PWR2,3.29149,3.29148,0.0510148
5122.18,5608.82,SIG_PWR1,GND1,3.29159,3.29159,0.0510832
5122.18,5608.82,GND1,GNS2,3.29159,3.29153,0.0510832
5122.18,5608.82,GNS2,SIG_PWR2,3.29153,3.29152,0.0510832
5126.18,3827.82,SIG_PWR1,GND1,0.000147078,0.00014727,-0.0012423
5126.18,3827.82,GND1,GNS2,0.00014727,0.000149732,-0.00207529
5126.18,3827.82,GNS2,SIG_PWR2,0.000149732,0.00015009,-0.00230703
5156.18,5643.82,SIG_PWR1,GND1,3.29156,3.29156,0.0450719
5156.18,5643.82,GND1,GNS2,3.29156,3.2915,0.0450719
5156.18,5643.82,GNS2,SIG_PWR2,3.2915,3.2915,0.0450719
5171.5,3837.41,SIG_PWR1,GND1,0.000146789,0.000146982,-0.00124458
5171.5,3837.41,GND1,GNS2,0.000146982,0.000149783,-0.00236078
5171.5,3837.41,GNS2,SIG_PWR2,0.000149783,0.000150307,-0.00338552
5182.18,3598.82,SIG_PWR1,GND1,0.000146396,0.00014654,-0.000923963
5182.18,3598.82,GND1,GNS2,0.00014654,0.000149602,-0.00258106
5182.18,3598.82,GNS2,SIG_PWR2,0.000149602,0.000150178,-0.00371921
5192.18,5607.82,SIG_PWR1,GND1,3.29159,3.29158,0.0559802
5192.18,5607.82,GND1,GNS2,3.29158,3.29151,0.0559802
5192.18,5607.82,GNS2,SIG_PWR2,3.29151,3.2915,0.0559802
5192.18,5676.82,SIG_PWR1,GND1,3.29155,3.29154,0.052808
5192.18,5676.82,GND1,GNS2,3.29154,3.29148,0.052808
5192.18,5676.82,GNS2,SIG_PWR2,3.29148,3.29147,0.052808
5195.18,5018.82,SIG_PWR1,GND1,3.29216,3.29215,0.0253292
5195.18,5018.82,GND1,GNS2,3.29215,3.29212,0.0253292
5195.18,5018.82,GNS2,SIG_PWR2,3.29212,3.29212,0.0253292
5205.18,6391.82,SIG_PWR1,GND1,0.000166175,0.000162482,0.023828
5205.18,6391.82,GND1,GNS2,0.000162482,0.000154106,0.00706076
5205.18,6391.82,GNS2,SIG_PWR2,0.000154106,0.000154106,1.74922e-16
5229.18,4095.82,SIG_PWR1,GND1,7.21171e-05,7.21681e-05,-0.000329058
5229.18,4095.82,GND1,GNS2,7.21681e-05,7.25585e-05,-0.000329058
5229.18,4095.82,GNS2,SIG_PWR2,7.25585e-05,7.26094e-05,-0.000329058
5231.18,4147.82,SIG_PWR1,GND1,3.2917,3.2917,0.000329204
5231.18,4147.82,GND1,GNS2,3.2917,3.2917,0.000329204
5231.18,4147.82,GNS2,SIG_PWR2,3.2917,3.2917,0.000329204
5234.18,4198.82,SIG_PWR1,GND1,0.00105955,0.00106006,-0.00329124
5234.18,4198.82,GND1,GNS2,0.00106006,0.00106396,-0.00329124
5234.18,4198.82,GNS2,SIG_PWR2,0.00106396,0.00106447,-0.00329124
5238.18,4864.82,SIG_PWR1,GND1,0.000155533,0.00015552,8.80511e-05
5238.18,4864.82,GND1,GNS2,0.00015552,0.000154926,0.000500416
5238.18,4864.82,GNS2,SIG_PWR2,0.000154926,0.000155093,-0.00107561
5242.18,5800.82,SIG_PWR1,GND1,0.00015388,0.000153927,-0.00030311
5242.18,5800.82,GND1,GNS2,0.000153927,0.000152877,0.000884754
5242.18,5800.82,GNS2,SIG_PWR2,0.000152877,0.000152758,0.000771977
5248.93,6357.07,SIG_PWR1,GND1,0.00013023,0.00013023,-1.74922e-16
5248.93,6357.07,GND1,GNS2,0.00013023,0.00013023,-1.82783e-16
5248.93,6357.07,GNS2,SIG_PWR2,0.00013023,0.00013023,-1.74922e-16
5252.18,7444.82,SIG_PWR1,GND1,0.000141584,0.000141637,-0.000344765
5252.18,7444.82,GND1,GNS2,0.000141637,0.000141862,-0.00018943
5252.18,7444.82,GNS2,SIG_PWR2,0.000141862,0.000142233,-0.00239385
5254.18,7376.82,SIG_PWR1,GND1,3.29087,3.29087,-1.71955e-11
5254.18,7376.82,GND1,GNS2,3.29087,3.29087,-1.94656e-11
5254.18,7376.82,GNS2,SIG_PWR2,3.29087,3.29087,-2.29274e-11
5263.45,5083.82,SIG_PWR1,GND1,0.000157631,0.000157194,0.00282267
5263.45,5083.82,GND1,GNS2,0.000157194,0.000156077,0.000941021
5263.45,5083.82,GNS2,SIG_PWR2,0.000156077,0.000156176,-0.00063337
5301.18,6665.82,SIG_PWR1,GND1,0.000155648,0.000154668,0.00632437
5301.18,6665.82,GND1,GNS2,0.000154668,0.000150184,0.00377945
5301.18,6665.82,GNS2,SIG_PWR2,0.000150184,0.000150184,-1.74922e-16
5310.9,7099.25,SIG_PWR1,GND1,0.000146162,0.000146334,-0.00111159
5310.9,7099.25,GND1,GNS2,0.000146334,0.000144866,0.00123746
5310.9,7099.25,GNS2,SIG_PWR2,0.000144866,0.000144975,-0.000700145
5316.45,5219.82,SIG_PWR1,GND1,0.000157293,0.000157092,0.00130005
5316.45,5219.82,GND1,GNS2,0.000157092,0.000156327,0.000644826
5316.45,5219.82,GNS2,SIG_PWR2,0.000156327,0.000156404,-0.000497299
5316.45,5643.82,SIG_PWR1,GND1,0.000154372,0.000154339,0.000210496
5316.45,5643.82,GND1,GNS2,0.000154339,0.000153396,0.000795239
5316.45,5643.82,GNS2,SIG_PWR2,0.000153396,0.000153209,0.00120442
5319.14,3542.13,SIG_PWR1,GND1,0.000144996,0.000145098,-0.000657857
5319.14,3542.13,GND1,GNS2,0.000145098,0.000150091,-0.00420883
5319.14,3542.13,GNS2,SIG_PWR2,0.000150091,0.000151772,-0.0108462
5319.14,5313.78,SIG_PWR1,GND1,0.000156687,0.000156624,0.000407604
5319.14,5313.78,GND1,GNS2,0.000156624,0.000156118,0.000426415
5319.14,5313.78,GNS2,SIG_PWR2,0.000156118,0.000156184,-0.00042698
5346.02,7260.2,SIG_PWR1,GND1,0.000143325,0.000143349,-0.000156251
5346.02,7260.2,GND1,GNS2,0.000143349,0.000142988,0.000304026
5346.02,7260.2,GNS2,SIG_PWR2,0.000142988,0.000143419,-0.00278325
5353.18,5295.82,SIG_PWR1,GND1,0.000156886,0.000156855,0.000197991
5353.18,5295.82,GND1,GNS2,0.000156855,0.000156366,0.000412531
5353.18,5295.82,GNS2,SIG_PWR2,0.000156366,0.00015645,-0.000545665
5358.18,4707.82,SIG_PWR1,GND1,0.00122938,0.00122887,0.00329124
5358.18,4707.82,GND1,GNS2,0.00122887,0.00122496,0.00329124
5358.18,4707.82,GNS2,SIG_PWR2,0.00122496,0.00122445,0.00329124
5380.18,3833.82,SIG_PWR1,GND1,0.000144892,0.000145118,-0.00145313
5380.18,3833.82,GND1,GNS2,0.000145118,0.000150873,-0.00485153
5380.18,3833.82,GNS2,SIG_PWR2,0.000150873,0.000153293,-0.0156207
5401.18,7484.44,SIG_PWR1,GND1,3.29087,3.29087,-1.08905e-10
5401.18,7484.44,GND1,GNS2,3.29087,3.29087,-1.12302e-10
5401.18,7484.44,GNS2,SIG_PWR2,3.29087,3.29087,-1.11771e-10
5402.18,7448.44,SIG_PWR1,GND1,3.29087,3.29087,1.00307e-10
5402.18,7448.44,GND1,GNS2,3.29087,3.29087,1.02195e-10
5402.18,7448.44,GNS2,SIG_PWR2,3.29087,3.29087,1.00307e-10
5405.09,4177.27,SIG_PWR1,GND1,0.000144566,0.000145355,-0.00509655
5405.09,4177.27,GND1,GNS2,0.000145355,0.000148983,-0.00305771
5405.09,4177.27,GNS2,SIG_PWR2,0.000148983,0.000150049,-0.00687724
5413.18,5537.82,SIG_PWR1,GND1,0.000154926,0.000154861,0.000416024
5413.18,5537.82,GND1,GNS2,0.000154861,0.000153867,0.000837881
5413.18,5537.82,GNS2,SIG_PWR2,0.000153867,0.000153664,0.00131137
5419.18,6557.82,SIG_PWR1,GND1,0.000154708,0.000153925,0.00505302
5419.18,6557.82,GND1,GNS2,0.000153925,0.000149671,0.00358545
5419.18,6557.82,GNS2,SIG_PWR2,0.000149671,0.000149671,1.74922e-16
5434.05,6204.95,SIG_PWR1,GND1,0.000169355,0.000163645,0.0368508
5434.05,6204.95,GND1,GNS2,0.000163645,0.000153213,0.00879341
5434.05,6204.95,GNS2,SIG_PWR2,0.000153213,0.000153213,1.74922e-16
5439.18,5765.82,SIG_PWR1,GND1,0.000153386,0.000153333,0.000343443
5439.18,5765.82,GND1,GNS2,0.000153333,0.00015219,0.00096388
5439.18,5765.82,GNS2,SIG_PWR2,0.00015219,0.000152132,0.00037299
5441.18,7820.82,SIG_PWR1,GND1,0.000136305,0.000136229,0.000490822
5441.18,7820.82,GND1,GNS2,0.000136229,0.000135414,0.000687345
5441.18,7820.82,GNS2,SIG_PWR2,0.000135414,0.000135228,0.00119897
5441.18,7887.82,SIG_PWR1,GND1,0.000136225,0.000136131,0.000605295
5441.18,7887.82,GND1,GNS2,0.000136131,0.000135341,0.000665632
5441.18,7887.82,GNS2,SIG_PWR2,0.000135341,0.0001352,0.000910137
5451.92,6990.82,SIG_PWR1,GND1,3.29082,3.29082,-0.0336607
5451.92,6990.82,GND1,GNS2,3.29082,3.29086,-0.0336607
5451.92,6990.82,GNS2,SIG_PWR2,3.29086,3.29087,-0.0336607
5466.77,5609.06,SIG_PWR1,GND1,0.000154412,0.000154427,-9.40837e-05
5466.77,5609.06,GND1,GNS2,0.000154427,0.000153465,0.000810513
5466.77,5609.06,GNS2,SIG_PWR2,0.000153465,0.000153267,0.00127692
5466.77,7380.71,SIG_PWR1,GND1,0.000138847,0.000139233,-0.0024918
5466.77,7380.71,GND1,GNS2,0.000139233,0.000139178,4.60529e-05
5466.77,7380.71,GNS2,SIG_PWR2,0.000139178,0.000139386,-0.00134196
5482.18,6959.82,SIG_PWR1,GND1,0.000163677,0.000157087,0.0425279
5482.18,6959.82,GND1,GNS2,0.000157087,0.000145726,0.00957638
5482.18,6959.82,GNS2,SIG_PWR2,0.000145726,0.000145726,1.74922e-16
5483.18,6791.82,SIG_PWR1,GND1,0.000150871,0.000150215,0.0042306
5483.18,6791.82,GND1,GNS2,0.000150215,0.000146177,0.00340391
5483.18,6791.82,GNS2,SIG_PWR2,0.000146177,0.000146177,1.74922e-16
5489.18,4692.82,SIG_PWR1,GND1,0.000156111,0.000155969,0.000921266
5489.18,4692.82,GND1,GNS2,0.000155969,0.000154275,0.0014277
5489.18,4692.82,GNS2,SIG_PWR2,0.000154275,0.00015438,-0.000675843
5494.18,6020.82,SIG_PWR1,GND1,0.000152912,0.000152939,-0.00017169
5494.18,6020.82,GND1,GNS2,0.000152939,0.000150681,0.00190309
5494.18,6020.82,GNS2,SIG_PWR2,0.000150681,0.00015047,0.00135987
5498.18,3453.82,SIG_PWR1,GND1,0.000142782,0.000142653,0.000829192
5498.18,3453.82,GND1,GNS2,0.000142653,0.000148379,-0.00482619
5498.18,3453.82,GNS2,SIG_PWR2,0.000148379,0.000150608,-0.0143865
5500.18,5091.82,SIG_PWR1,GND1,0.000159804,0.000159685,0.000766663
5500.18,5091.82,GND1,GNS2,0.000159685,0.000157976,0.00144123
5500.18,5091.82,GNS2,SIG_PWR2,0.000157976,0.000157896,0.000512485
5517.18,4407.82,SIG_PWR1,GND1,3.29308,3.29307,0.0442651
5517.18,4407.82,GND1,GNS2,3.29307,3.29302,0.0442651
5517.18,4407.82,GNS2,SIG_PWR2,3.29302,3.29301,0.0442651
5517.18,4437.82,SIG_PWR1,GND1,3.29309,3.29309,0.0324264
5517.18,4437.82,GND1,GNS2,3.29309,3.29305,0.0324264
5517.18,4437.82,GNS2,SIG_PWR2,3.29305,3.29304,0.0324264
5519.18,6120.82,SIG_PWR1,GND1,3.29088,3.29089,-0.079188
5519.18,6120.82,GND1,GNS2,3.29089,3.29098,-0.079188
5519.18,6120.82,GNS2,SIG_PWR2,3.29098,3.291,-0.079188
5545.18,5018.82,SIG_PWR1,GND1,3.29189,3.29189,-0.0253292
5545.18,5018.82,GND1,GNS2,3.29189,3.29192,-0.0253292
5545.18,5018.82,GNS2,SIG_PWR2,3.29192,3.29193,-0.0253292
5555.18,4875.82,SIG_PWR1,GND1,0.000167059,0.000164027,0.0195658
5555.18,4875.82,GND1,GNS2,0.000164027,0.000157172,0.00577839
5555.18,4875.82,GNS2,SIG_PWR2,0.000157172,0.000156658,0.00331985
5565.18,4408.82,SIG_PWR1,GND1,3.29313,3.29311,0.0694624
5565.18,4408.82,GND1,GNS2,3.29311,3.29303,0.0694624
5565.18,4408.82,GNS2,SIG_PWR2,3.29303,3.29302,0.0694624
5565.18,4438.82,SIG_PWR1,GND1,3.29314,3.29314,0.0558214
5565.18,4438.82,GND1,GNS2,3.29314,3.29307,0.0558214
5565.18,4438.82,GNS2,SIG_PWR2,3.29307,3.29306,0.0558214
5578.18,6358.82,SIG_PWR1,GND1,0.000153889,0.000152739,0.00742603
5578.18,6358.82,GND1,GNS2,0.000152739,0.000148306,0.00373688
5578.18,6358.82,GNS2,SIG_PWR2,0.000148306,0.000148306,1.74922e-16
5582.18,6693.82,SIG_PWR1,GND1,0.000150026,0.000149123,0.00582615
5582.18,6693.82,GND1,GNS2,0.000149123,0.000145201,0.00330589
5582.18,6693.82,GNS2,SIG_PWR2,0.000145201,0.000145201,-1.74922e-16
5583.18,5709.82,SIG_PWR1,GND1,0.000153019,0.000153029,-6.86642e-05
5583.18,5709.82,GND1,GNS2,0.000153029,0.00015195,0.000909478
5583.18,5709.82,GNS2,SIG_PWR2,0.00015195,0.000151782,0.00108679
5587.18,5531.82,SIG_PWR1,GND1,0.000155035,0.000155252,-0.00139774
5587.18,5531.82,GND1,GNS2,0.000155252,0.000154174,0.000908414
5587.18,5531.82,GNS2,SIG_PWR2,0.000154174,0.000153766,0.00263712
5589.18,5295.82,SIG_PWR1,GND1,0.000159369,0.00015942,-0.000325069
5589.18,5295.82,GND1,GNS2,0.00015942,0.000158386,0.000871337
5589.18,5295.82,GNS2,SIG_PWR2,0.000158386,0.000158418,-0.000207609
5592.18,5169.82,SIG_PWR1,GND1,0.000161458,0.000161385,0.000474461
5592.18,5169.82,GND1,GNS2,0.000161385,0.000159423,0.00165407
5592.18,5169.82,GNS2,SIG_PWR2,0.000159423,0.00015902,0.00259577
5594.18,5871.82,SIG_PWR1,GND1,0.000151948,0.000151743,0.00132182
5594.18,5871.82,GND1,GNS2,0.000151743,0.000150304,0.00121273
5594.18,5871.82,GNS2,SIG_PWR2,0.000150304,0.000150254,0.00032258
5594.18,7114.82,SIG_PWR1,GND1,0.000140653,0.000140805,-0.000980547
5594.18,7114.82,GND1,GNS2,0.000140805,0.000138803,0.00168757
5594.18,7114.82,GNS2,SIG_PWR2,0.000138803,0.00013886,-0.000366331
5622.03,3430.14,SIG_PWR1,GND1,3.29187,3.29187,-0.00770778
5622.03,3430.14,GND1,GNS2,3.29187,3.29187,-0.00770778
5622.03,3430.14,GNS2,SIG_PWR2,3.29187,3.29187,-0.00770778
5641.18,5996.82,SIG_PWR1,GND1,0.000150041,0.000150041,1.74922e-16
5641.18,5996.82,GND1,GNS2,0.000150041,0.000148616,0.00120153
5641.18,5996.82,GNS2,SIG_PWR2,0.000148616,0.000148727,-0.000717941
5643.18,3812.82,SIG_PWR1,GND1,0.000173928,0.000173877,0.000329114
5643.18,3812.82,GND1,GNS2,0.000173877,0.000173486,0.000329114
5643.18,3812.82,GNS2,SIG_PWR2,0.000173486,0.000173436,0.000329114
5656.18,3957.82,SIG_PWR1,GND1,0.000140274,0.000140399,-0.000809707
5656.18,3957.82,GND1,GNS2,0.000140399,0.000142231,-0.00154415
5656.18,3957.82,GNS2,SIG_PWR2,0.000142231,0.000142231,1.74922e-16
5659.91,7647.67,SIG_PWR1,GND1,0.000133662,0.000133494,0.00183484
5659.91,7647.67,GND1,GNS2,0.000133494,0.000132207,0.00183271
5659.91,7647.67,GNS2,SIG_PWR2,0.000132207,0.000131967,0.00261304
5659.91,7811.06,SIG_PWR1,GND1,0.000132517,0.000132513,4.626e-05
5659.91,7811.06,GND1,GNS2,0.000132513,0.000131908,0.000861561
5659.91,7811.06,GNS2,SIG_PWR2,0.000131908,0.000131814,0.00101775
5664.04,5095.68,SIG_PWR1,GND1,0.00017255,0.00017255,1.74922e-16
5664.04,5095.68,GND1,GNS2,0.00017255,0.00017255,6.85435e-17
5664.04,5095.68,GNS2,SIG_PWR2,0.00017255,0.00017255,-0
5675.38,5171.62,SIG_PWR1,GND1,0.000163214,0.000163483,-0.00173387
5675.38,5171.62,GND1,GNS2,0.000163483,0.000161986,0.00126203
5675.38,5171.62,GNS2,SIG_PWR2,0.000161986,0.000161986,1.74922e-16
5681.18,5213.82,SIG_PWR1,GND1,0.00017264,0.00017264,-1.74922e-16
5681.18,5213.82,GND1,GNS2,0.00017264,0.00017264,-2.51326e-16
5681.18,5213.82,GNS2,SIG_PWR2,0.00017264,0.00017264,-1.74922e-16
5687.18,5120.08,SIG_PWR1,GND1,0.000163565,0.00016374,-0.00112935
5687.18,5120.08,GND1,GNS2,0.00016374,0.000162042,0.00143119
5687.18,5120.08,GNS2,SIG_PWR2,0.000162042,0.000162042,1.74922e-16
5691.18,3345.82,SIG_PWR1,GND1,0.000136659,0.000136639,0.000129536
5691.18,3345.82,GND1,GNS2,0.000136639,0.000141214,-0.00385684
5691.18,3345.82,GNS2,SIG_PWR2,0.000141214,0.000142308,-0.0070603
5707.92,5185.27,SIG_PWR1,GND1,0.000172525,0.000172525,3.49844e-16
5707.92,5185.27,GND1,GNS2,0.000172525,0.000172525,1.82783e-16
5707.92,5185.27,GNS2,SIG_PWR2,0.000172525,0.000172525,1.74922e-16
5708.18,3812.82,SIG_PWR1,GND1,0.000173754,0.000173703,0.000329114
5708.18,3812.82,GND1,GNS2,0.000173703,0.000173313,0.000329114
5708.18,3812.82,GNS2,SIG_PWR2,0.000173313,0.000173262,0.000329114
5712.84,3963.82,SIG_PWR1,GND1,0.000138587,0.000138705,-0.00075725
5712.84,3963.82,GND1,GNS2,0.000138705,0.000140434,-0.00145766
5712.84,3963.82,GNS2,SIG_PWR2,0.000140434,0.000140434,1.74922e-16
5718.38,7665.19,SIG_PWR1,GND1,0.000131435,0.000131388,0.00068606
5718.38,7665.19,GND1,GNS2,0.000131388,0.000130403,0.00185989
5718.38,7665.19,GNS2,SIG_PWR2,0.000130403,0.000130209,0.00280925
5725.18,5312.82,SIG_PWR1,GND1,0.000161611,0.00016232,-0.00457415
5725.18,5312.82,GND1,GNS2,0.00016232,0.000160626,0.00142812
5725.18,5312.82,GNS2,SIG_PWR2,0.000160626,0.000160474,0.000979164
5729.18,7369.82,SIG_PWR1,GND1,0.000135554,0.000134895,0.0042544
5729.18,7369.82,GND1,GNS2,0.000134895,0.000131722,0.00267461
5729.18,7369.82,GNS2,SIG_PWR2,0.000131722,0.000130895,0.00533432
5736.18,6523.82,SIG_PWR1,GND1,0.00014764,0.000146626,0.00654042
5736.18,6523.82,GND1,GNS2,0.000146626,0.000143071,0.00299652
5736.18,6523.82,GNS2,SIG_PWR2,0.000143071,0.000143071,1.74922e-16
5741.18,5098.82,SIG_PWR1,GND1,0.000172524,0.000172524,-0
5741.18,5098.82,GND1,GNS2,0.000172524,0.000172524,-6.85435e-17
5741.18,5098.82,GNS2,SIG_PWR2,0.000172524,0.000172524,-1.74922e-16
5744.17,6170.21,SIG_PWR1,GND1,0.000147515,0.000147515,-0
5744.17,6170.21,GND1,GNS2,0.000147515,0.000145807,0.00143926
5744.17,6170.21,GNS2,SIG_PWR2,0.000145807,0.000145959,-0.000980567
5753.18,5046.82,SIG_PWR1,GND1,0.000167964,0.000167964,-1.39938e-15
5753.18,5046.82,GND1,GNS2,0.000167964,0.000163978,0.00335971
5753.18,5046.82,GNS2,SIG_PWR2,0.000163978,0.000163978,1.74922e-16
5759.93,5472.82,SIG_PWR1,GND1,0.000156677,0.000156717,-0.000261185
5759.93,5472.82,GND1,GNS2,0.000156717,0.000155721,0.000839827
5759.93,5472.82,GNS2,SIG_PWR2,0.000155721,0.000155619,0.000656022
5760.18,3815.82,SIG_PWR1,GND1,0.000174984,0.000174933,0.000329114
5760.18,3815.82,GND1,GNS2,0.000174933,0.000174542,0.000329114
5760.18,3815.82,GNS2,SIG_PWR2,0.000174542,0.000174491,0.000329114
5761.18,5713.82,SIG_PWR1,GND1,0.00015132,0.000151396,-0.000487653
5761.18,5713.82,GND1,GNS2,0.000151396,0.000150257,0.000959888
5761.18,5713.82,GNS2,SIG_PWR2,0.000150257,0.000150271,-9.27314e-05
5776.18,3976.82,SIG_PWR1,GND1,0.000137675,0.000137782,-0.000689744
5776.18,3976.82,GND1,GNS2,0.000137782,0.000139729,-0.0016416
5776.18,3976.82,GNS2,SIG_PWR2,0.000139729,0.000139729,1.74922e-16
5776.18,5073.82,SIG_PWR1,GND1,0.00017255,0.00017255,1.74922e-16
5776.18,5073.82,GND1,GNS2,0.00017255,0.00017255,6.85435e-17
5776.18,5073.82,GNS2,SIG_PWR2,0.00017255,0.00017255,-0
5786.18,5863.82,SIG_PWR1,GND1,0.000150031,0.000149692,0.00218305
5786.18,5863.82,GND1,GNS2,0.000149692,0.000148157,0.00129418
5786.18,5863.82,GNS2,SIG_PWR2,0.000148157,0.000148346,-0.00121698
5799.18,7446.82,SIG_PWR1,GND1,0.000132103,0.000131774,0.00212578
5799.18,7446.82,GND1,GNS2,0.000131774,0.000129621,0.00181487
5799.18,7446.82,GNS2,SIG_PWR2,0.000129621,0.000129205,0.00268281
5807.18,5343.82,SIG_PWR1,GND1,3.29116,3.29116,-0.0227844
5807.18,5343.82,GND1,GNS2,3.29116,3.29119,-0.0227844
5807.18,5343.82,GNS2,SIG_PWR2,3.29119,3.29119,-0.0227844
5811.43,5473.82,SIG_PWR1,GND1,0.000156385,0.000156541,-0.00101148
5811.43,5473.82,GND1,GNS2,0.000156541,0.000155768,0.000652037
5811.43,5473.82,GNS2,SIG_PWR2,0.000155768,0.000155768,-8.7461e-16
5828.56,7894.95,SIG_PWR1,GND1,0.000128792,0.000128746,0.000297769
5828.56,7894.95,GND1,GNS2,0.000128746,0.000128241,0.000425696
5828.56,7894.95,GNS2,SIG_PWR2,0.000128241,0.000128256,-9.49852e-05
5840.18,3812.82,SIG_PWR1,GND1,0.000174604,0.000174553,0.000329114
5840.18,3812.82,GND1,GNS2,0.000174553,0.000174163,0.000329114
5840.18,3812.82,GNS2,SIG_PWR2,0.000174163,0.000174111,0.000329114
5859.18,3967.82,SIG_PWR1,GND1,0.000135715,0.000135858,-0.000918367
5859.18,3967.82,GND1,GNS2,0.000135858,0.000140031,-0.003518
5859.18,3967.82,GNS2,SIG_PWR2,0.000140031,0.000142044,-0.0129902
5862.92,5474.76,SIG_PWR1,GND1,0.000156442,0.000156638,-0.00126406
5862.92,5474.76,GND1,GNS2,0.000156638,0.000155736,0.000760123
5862.92,5474.76,GNS2,SIG_PWR2,0.000155736,0.000155736,1.74922e-16
5865.18,7114.82,SIG_PWR1,GND1,0.000132704,0.000132704,5.24766e-16
5865.18,7114.82,GND1,GNS2,0.000132704,0.000129829,0.00242407
5865.18,7114.82,GNS2,SIG_PWR2,0.000129829,0.000128986,0.00544035
5883.18,6508.82,SIG_PWR1,GND1,3.29086,3.29087,-0.0344718
5883.18,6508.82,GND1,GNS2,3.29087,3.29091,-0.0344718
5883.18,6508.82,GNS2,SIG_PWR2,3.29091,3.29091,-0.0344718
5890.18,4859.82,SIG_PWR1,GND1,6.8649e-05,6.8598e-05,0.000329329
5890.18,4859.82,GND1,GNS2,6.8598e-05,6.82073e-05,0.000329329
5890.18,4859.82,GNS2,SIG_PWR2,6.82073e-05,6.81563e-05,0.000329329
5896.92,4663.82,SIG_PWR1,GND1,0.000155534,0.000155497,0.000239126
5896.92,4663.82,GND1,GNS2,0.000155497,0.000152096,0.0028665
5896.92,4663.82,GNS2,SIG_PWR2,0.000152096,0.00015204,0.000364909
5907.18,3812.82,SIG_PWR1,GND1,0.000175368,0.000175317,0.000329114
5907.18,3812.82,GND1,GNS2,0.000175317,0.000174926,0.000329114
5907.18,3812.82,GNS2,SIG_PWR2,0.000174926,0.000174875,0.000329114
5911.18,7217.82,SIG_PWR1,GND1,4.99996,4.99996,-1.77687e-10
5911.18,7217.82,GND1,GNS2,4.99996,4.99996,-1.76688e-10
5911.18,7217.82,GNS2,SIG_PWR2,4.99996,4.99996,-1.77687e-10
5911.18,7250.82,SIG_PWR1,GND1,4.99996,4.99996,-1.03173e-10
5911.18,7250.82,GND1,GNS2,4.99996,4.99996,-1.04066e-10
5911.18,7250.82,GNS2,SIG_PWR2,4.99996,4.99996,-1.08905e-10
5915.18,5474.82,SIG_PWR1,GND1,0.000156248,0.000156661,-0.00266254
5915.18,5474.82,GND1,GNS2,0.000156661,0.000155537,0.000947639
5915.18,5474.82,GNS2,SIG_PWR2,0.000155537,0.000155537,-0
5936.2,3430.14,SIG_PWR1,GND1,3.29185,3.29185,0.00573246
5936.2,3430.14,GND1,GNS2,3.29185,3.29185,0.00573246
5936.2,3430.14,GNS2,SIG_PWR2,3.29185,3.29185,0.00573246
5928.18,3976.82,SIG_PWR1,GND1,0.000133391,0.000133206,0.00119008
5928.18,3976.82,GND1,GNS2,0.000133206,0.000135345,-0.00180258
5928.18,3976.82,GNS2,SIG_PWR2,0.000135345,0.000135345,1.74922e-16
5945.94,7665.19,SIG_PWR1,GND1,0.000127077,0.000127064,0.000181581
5945.94,7665.19,GND1,GNS2,0.000127064,0.000126537,0.000995376
5945.94,7665.19,GNS2,SIG_PWR2,0.000126537,0.000126478,0.000844371
5945.18,7368.82,SIG_PWR1,GND1,0.000128748,0.000128784,-0.000231627
5945.18,7368.82,GND1,GNS2,0.000128784,0.000127181,0.00135086
5945.18,7368.82,GNS2,SIG_PWR2,0.000127181,0.000126807,0.00241429
5964.9,5743.82,SIG_PWR1,GND1,0.000148301,0.000147972,0.00212803
5964.9,5743.82,GND1,GNS2,0.000147972,0.000144214,0.00316736
5964.9,5743.82,GNS2,SIG_PWR2,0.000144214,0.000143246,0.00625051
5966.67,5469.82,SIG_PWR1,GND1,0.000156471,0.000157106,-0.00410006
5966.67,5469.82,GND1,GNS2,0.000157106,0.000155428,0.00141441
5966.67,5469.82,GNS2,SIG_PWR2,0.000155428,0.000155428,1.74922e-16
5967.18,4935.82,SIG_PWR1,GND1,3.29108,3.29108,-0.0228547
5967.18,4935.82,GND1,GNS2,3.29108,3.29111,-0.0228547
5967.18,4935.82,GNS2,SIG_PWR2,3.29111,3.29111,-0.0228547
5978.18,7216.82,SIG_PWR1,GND1,4.99996,4.99996,-6.30503e-11
5978.18,7216.82,GND1,GNS2,4.99996,4.99996,-5.98943e-11
5978.18,7216.82,GNS2,SIG_PWR2,4.99996,4.99996,-6.30503e-11
5978.18,7249.82,SIG_PWR1,GND1,4.99996,4.99996,-8.02458e-11
5978.18,7249.82,GND1,GNS2,4.99996,4.99996,-7.78625e-11
5978.18,7249.82,GNS2,SIG_PWR2,4.99996,4.99996,-8.02458e-11
6000.07,7647.67,SIG_PWR1,GND1,0.000125345,0.000125306,0.000419554
6000.07,7647.67,GND1,GNS2,0.000125306,0.000124806,0.000713036
6000.07,7647.67,GNS2,SIG_PWR2,0.000124806,0.000124772,0.000365777
6000.07,7811.06,SIG_PWR1,GND1,0.000125819,0.000125655,0.00178301
6000.07,7811.06,GND1,GNS2,0.000125655,0.000124898,0.00107817
6000.07,7811.06,GNS2,SIG_PWR2,0.000124898,0.000124859,0.000422878
5998.93,4161.58,SIG_PWR1,GND1,4.93212e-05,4.93723e-05,-0.000329329
5998.93,4161.58,GND1,GNS2,4.93723e-05,4.9763e-05,-0.000329329
5998.93,4161.58,GNS2,SIG_PWR2,4.9763e-05,4.9814e-05,-0.000329329
6015.18,5292.82,SIG_PWR1,GND1,0.000186063,0.000183609,0.0158379
6015.18,5292.82,GND1,GNS2,0.000183609,0.000173709,0.00834522
6015.18,5292.82,GNS2,SIG_PWR2,0.000173709,0.000174879,-0.00754838
6016.18,6454.82,SIG_PWR1,GND1,0.000138834,0.000138235,0.00386815
6016.18,6454.82,GND1,GNS2,0.000138235,0.000137384,0.000716995
6016.18,6454.82,GNS2,SIG_PWR2,0.000137384,0.000138521,-0.00733583
6018.18,4989.82,SIG_PWR1,GND1,0.000209122,0.000200117,0.0581184
6018.18,4989.82,GND1,GNS2,0.000200117,0.000177284,0.0192461
6018.18,4989.82,GNS2,SIG_PWR2,0.000177284,0.000178159,-0.00564256
6018.18,5669.82,SIG_PWR1,GND1,0.000149339,0.000149289,0.000326409
6018.18,5669.82,GND1,GNS2,0.000149289,0.000145517,0.00317951
6018.18,5669.82,GNS2,SIG_PWR2,0.000145517,0.000144525,0.00640097
6023.18,7216.82,SIG_PWR1,GND1,4.99996,4.99996,-5.73184e-11
6023.18,7216.82,GND1,GNS2,4.99996,4.99996,-5.91456e-11
6023.18,7216.82,GNS2,SIG_PWR2,4.99996,4.99996,-6.30503e-11
6059.18,4657.82,SIG_PWR1,GND1,0.000155369,0.000154797,0.00368904
6059.18,4657.82,GND1,GNS2,0.000154797,0.000149437,0.00451854
6059.18,4657.82,GNS2,SIG_PWR2,0.000149437,0.00014895,0.00313799
6060.18,7245.82,SIG_PWR1,GND1,4.99996,4.99996,-5.73184e-11
6060.18,7245.82,GND1,GNS2,4.99996,4.99996,-5.68995e-11
6060.18,7245.82,GNS2,SIG_PWR2,4.99996,4.99996,-6.30503e-11
6061.18,7298.82,SIG_PWR1,GND1,0.000126336,0.000126237,0.000642092
6061.18,7298.82,GND1,GNS2,0.000126237,0.000124666,0.00132401
6061.18,7298.82,GNS2,SIG_PWR2,0.000124666,0.000124351,0.00203425
6066.87,5240.85,SIG_PWR1,GND1,0.000196631,0.000193033,0.023224
6066.87,5240.85,GND1,GNS2,0.000193033,0.000177061,0.0134636
6066.87,5240.85,GNS2,SIG_PWR2,0.000177061,0.000177049,7.46012e-05
6066.99,5139.78,SIG_PWR1,GND1,0.000213248,0.00020823,0.0323833
6066.99,5139.78,GND1,GNS2,0.00020823,0.000182769,0.0214617
6066.99,5139.78,GNS2,SIG_PWR2,0.000182769,0.000181736,0.00666568
6067.11,5038.71,SIG_PWR1,GND1,0.000226362,0.000215174,0.072201
6067.11,5038.71,GND1,GNS2,0.000215174,0.000182998,0.0271226
6067.11,5038.71,GNS2,SIG_PWR2,0.000182998,0.000181998,0.00645066
6073.34,4891.83,SIG_PWR1,GND1,1.09483,1.09484,-0.114284
6073.34,4891.83,GND1,GNS2,1.09484,1.09498,-0.114284
6073.34,4891.83,GNS2,SIG_PWR2,1.09498,1.095,-0.114284
6075.18,7907.82,SIG_PWR1,GND1,0.000124974,0.000124511,0.00298997
6075.18,7907.82,GND1,GNS2,0.000124511,0.000123142,0.00115383
6075.18,7907.82,GNS2,SIG_PWR2,0.000123142,0.000122933,0.00134574
6076.18,4563.82,SIG_PWR1,GND1,3.29407,3.29409,-0.129298
6076.18,4563.82,GND1,GNS2,3.29409,3.29424,-0.129298
6076.18,4563.82,GNS2,SIG_PWR2,3.29424,3.29426,-0.129298
6076.18,4610.82,SIG_PWR1,GND1,3.2941,3.29411,-0.0920124
6076.18,4610.82,GND1,GNS2,3.29411,3.29422,-0.0920124
6076.18,4610.82,GNS2,SIG_PWR2,3.29422,3.29424,-0.0920124
6082.9,5863.82,SIG_PWR1,GND1,0.000143904,0.000143072,0.00537397
6082.9,5863.82,GND1,GNS2,0.000143072,0.000138539,0.00382082
6082.9,5863.82,GNS2,SIG_PWR2,0.000138539,0.000137608,0.00600785
6101.18,4772.82,SIG_PWR1,GND1,0.000162407,0.000163015,-0.00392817
6101.18,4772.82,GND1,GNS2,0.000163015,0.000155434,0.00639036
6101.18,4772.82,GNS2,SIG_PWR2,0.000155434,0.000154522,0.00588346
6112.18,7290.82,SIG_PWR1,GND1,4.99996,4.99996,-3.32447e-10
6112.18,7290.82,GND1,GNS2,4.99996,4.99996,-3.36905e-10
6112.18,7290.82,GNS2,SIG_PWR2,4.99996,4.99996,-3.38179e-10
6113.18,3458.82,SIG_PWR1,GND1,0.00012245,0.000121836,0.00396018
6113.18,3458.82,GND1,GNS2,0.000121836,0.000128832,-0.00589666
6113.18,3458.82,GNS2,SIG_PWR2,0.000128832,0.000132178,-0.0215958
6122.18,4563.57,SIG_PWR1,GND1,3.2941,3.29412,-0.140681
6122.18,4563.57,GND1,GNS2,3.29412,3.29429,-0.140681
6122.18,4563.57,GNS2,SIG_PWR2,3.29429,3.29431,-0.140681
6122.18,4609.82,SIG_PWR1,GND1,3.29411,3.29413,-0.124892
6122.18,4609.82,GND1,GNS2,3.29413,3.29428,-0.124892
6122.18,4609.82,GNS2,SIG_PWR2,3.29428,3.2943,-0.124892
6122.74,5388.82,SIG_PWR1,GND1,2.49786,2.49786,-0.0454046
6122.74,5388.82,GND1,GNS2,2.49786,2.49792,-0.0454046
6122.74,5388.82,GNS2,SIG_PWR2,2.49792,2.49792,-0.0454046
6137.18,3835.82,SIG_PWR1,GND1,0.000126526,0.000125517,0.00651142
6137.18,3835.82,GND1,GNS2,0.000125517,0.00013263,-0.00599593
6137.18,3835.82,GNS2,SIG_PWR2,0.00013263,0.000136936,-0.0277885
6138.18,4773.82,SIG_PWR1,GND1,3.29435,3.29436,-0.0239251
6138.18,4773.82,GND1,GNS2,3.29436,3.29438,-0.0239251
6138.18,4773.82,GNS2,SIG_PWR2,3.29438,3.29439,-0.0239251
6157.18,5371.82,SIG_PWR1,GND1,1.09537,1.09539,-0.115095
6157.18,5371.82,GND1,GNS2,1.09539,1.09553,-0.115095
6157.18,5371.82,GNS2,SIG_PWR2,1.09553,1.09554,-0.115095
6167.94,5240.96,SIG_PWR1,GND1,0.000198571,0.000194433,0.0267005
6167.94,5240.96,GND1,GNS2,0.000194433,0.000175991,0.0155456
6167.94,5240.96,GNS2,SIG_PWR2,0.000175991,0.000175991,1.74922e-16
6168.06,5139.89,SIG_PWR1,GND1,0.000245687,0.000226594,0.123217
6168.06,5139.89,GND1,GNS2,0.000226594,0.000186161,0.0340822
6168.06,5139.89,GNS2,SIG_PWR2,0.000186161,0.000186161,1.74922e-16
6168.18,5038.82,SIG_PWR1,GND1,0.000235541,0.000221407,0.091211
6168.18,5038.82,GND1,GNS2,0.000221407,0.000184346,0.0312401
6168.18,5038.82,GNS2,SIG_PWR2,0.000184346,0.000184346,1.74922e-16
6184.18,4609.82,SIG_PWR1,GND1,0.000148472,0.00014703,0.00930604
6184.18,4609.82,GND1,GNS2,0.00014703,0.000141198,0.00491595
6184.18,4609.82,GNS2,SIG_PWR2,0.000141198,0.000141198,-0
6187.18,4899.82,SIG_PWR1,GND1,7.22582e-05,7.22071e-05,0.000329382
6187.18,4899.82,GND1,GNS2,7.22071e-05,7.18164e-05,0.000329382
6187.18,4899.82,GNS2,SIG_PWR2,7.18164e-05,7.17653e-05,0.000329382
6189.18,5707.82,SIG_PWR1,GND1,0.000144147,0.000143684,0.00298801
6189.18,5707.82,GND1,GNS2,0.000143684,0.000140005,0.00310091
6189.18,5707.82,GNS2,SIG_PWR2,0.000140005,0.000140107,-0.000656022
6204.96,4132.68,SIG_PWR1,GND1,0.000118759,0.000120501,-0.0112388
6204.96,4132.68,GND1,GNS2,0.000120501,0.000125833,-0.00449505
6204.96,4132.68,GNS2,SIG_PWR2,0.000125833,0.000127231,-0.00902145
6204.96,7675.99,SIG_PWR1,GND1,0.000117683,0.000118635,-0.00613984
6204.96,7675.99,GND1,GNS2,0.000118635,0.000119359,-0.000610356
6204.96,7675.99,GNS2,SIG_PWR2,0.000119359,0.000119199,0.00103437
6213.18,5389.82,SIG_PWR1,GND1,2.49792,2.49793,-0.0782979
6213.18,5389.82,GND1,GNS2,2.49793,2.49802,-0.0782979
6213.18,5389.82,GNS2,SIG_PWR2,2.49802,2.49803,-0.0782979
6213.18,5416.82,SIG_PWR1,GND1,2.49794,2.49795,-0.0545221
6213.18,5416.82,GND1,GNS2,2.49795,2.49801,-0.0545221
6213.18,5416.82,GNS2,SIG_PWR2,2.49801,2.49802,-0.0545221
6269.01,5241.08,SIG_PWR1,GND1,0.000190221,0.000185233,0.0321886
6269.01,5241.08,GND1,GNS2,0.000185233,0.000167584,0.0148774
6269.01,5241.08,GNS2,SIG_PWR2,0.000167584,0.000167747,-0.00105164
6269.13,5140.01,SIG_PWR1,GND1,0.00020667,0.000199365,0.0471392
6269.13,5140.01,GND1,GNS2,0.000199365,0.000171967,0.0230953
6269.13,5140.01,GNS2,SIG_PWR2,0.000171967,0.000170993,0.00628307
6269.25,5038.94,SIG_PWR1,GND1,0.000219159,0.000206268,0.0831861
6269.25,5038.94,GND1,GNS2,0.000206268,0.000172864,0.028158
6269.25,5038.94,GNS2,SIG_PWR2,0.000172864,0.000172338,0.00339533
6300.18,4784.82,SIG_PWR1,GND1,3.29445,3.29445,-0.000329492
6300.18,4784.82,GND1,GNS2,3.29445,3.29445,-0.000329492
6300.18,4784.82,GNS2,SIG_PWR2,3.29445,3.29445,-0.000329492
6304.13,4872.87,SIG_PWR1,GND1,0.000158747,0.000159569,-0.00530457
6304.13,4872.87,GND1,GNS2,0.000159569,0.000150559,0.00759458
6304.13,4872.87,GNS2,SIG_PWR2,0.000150559,0.000150559,1.74922e-16
6312.18,4992.82,SIG_PWR1,GND1,0.000201109,0.000190191,0.070455
6312.18,4992.82,GND1,GNS2,0.000190191,0.000163375,0.0226045
6312.18,4992.82,GNS2,SIG_PWR2,0.000163375,0.000163375,5.24766e-16
6314.18,5287.82,SIG_PWR1,GND1,0.000176364,0.000173691,0.0172474
6314.18,5287.82,GND1,GNS2,0.000173691,0.000161523,0.0102568
6314.18,5287.82,GNS2,SIG_PWR2,0.000161523,0.00016286,-0.00862676
6320.91,3416.18,SIG_PWR1,GND1,0.000107976,0.000108519,-0.00592244
6320.91,3416.18,GND1,GNS2,0.000108519,0.000113298,-0.00680409
6320.91,3416.18,GNS2,SIG_PWR2,0.000113298,0.000114062,-0.00832824
6320.91,3579.57,SIG_PWR1,GND1,0.000108051,0.000108851,-0.00873178
6320.91,3579.57,GND1,GNS2,0.000108851,0.00011519,-0.00902444
6320.91,3579.57,GNS2,SIG_PWR2,0.00011519,0.00011667,-0.0161406
6327.18,4577.82,SIG_PWR1,GND1,3.29433,3.29435,-0.130436
6327.18,4577.82,GND1,GNS2,3.29435,3.29451,-0.130436
6327.18,4577.82,GNS2,SIG_PWR2,3.29451,3.29453,-0.130436
6363.18,6019.82,SIG_PWR1,GND1,0.000128212,0.000128421,-0.00134331
6363.18,6019.82,GND1,GNS2,0.000128421,0.000125796,0.00221229
6363.18,6019.82,GNS2,SIG_PWR2,0.000125796,0.000125013,0.0050499
6379.38,3557.72,SIG_PWR1,GND1,0.000104411,0.000105351,-0.0135887
6379.38,3557.72,GND1,GNS2,0.000105351,0.00011011,-0.00898566
6379.38,3557.72,GNS2,SIG_PWR2,0.00011011,0.00011042,-0.00449095
6397.18,5352.82,SIG_PWR1,GND1,1.09607,1.09608,-0.0294573
6397.18,5352.82,GND1,GNS2,1.09608,1.09611,-0.0294573
6397.18,5352.82,GNS2,SIG_PWR2,1.09611,1.09612,-0.0294573
6425.18,5331.82,SIG_PWR1,GND1,1.0961,1.09611,-0.0866734
6425.18,5331.82,GND1,GNS2,1.09611,1.09621,-0.0866734
6425.18,5331.82,GNS2,SIG_PWR2,1.09621,1.09622,-0.0866734
6443.18,5026.57,SIG_PWR1,GND1,3.29287,3.29288,-0.0469335
6443.18,5026.57,GND1,GNS2,3.29288,3.29294,-0.0469335
6443.18,5026.57,GNS2,SIG_PWR2,3.29294,3.29295,-0.0469335
6463.18,4905.82,SIG_PWR1,GND1,0.000142762,0.000142762,-1.74922e-16
6463.18,4905.82,GND1,GNS2,0.000142762,0.000136173,0.00555463
6463.18,4905.82,GNS2,SIG_PWR2,0.000136173,0.000136173,-0
6477.18,6061.82,SIG_PWR1,GND1,0.000123465,0.000123542,-0.000497582
6477.18,6061.82,GND1,GNS2,0.000123542,0.000121607,0.00163156
6477.18,6061.82,GNS2,SIG_PWR2,0.000121607,0.000121337,0.0017418
6500.24,7675.99,SIG_PWR1,GND1,0.000110437,0.000110881,-0.00286964
6500.24,7675.99,GND1,GNS2,0.000110881,0.000111138,-0.000216546
6500.24,7675.99,GNS2,SIG_PWR2,0.000111138,0.000110999,0.000902561
6516.58,4004.52,SIG_PWR1,GND1,4.99996,4.99996,-2.57933e-10
6516.58,4004.52,GND1,GNS2,4.99996,4.99996,-2.62786e-10
6516.58,4004.52,GNS2,SIG_PWR2,4.99996,4.99996,-2.63665e-10
6516.58,4039.52,SIG_PWR1,GND1,4.99996,4.99996,-3.55374e-10
6516.58,4039.52,GND1,GNS2,4.99996,4.99996,-3.60114e-10
6516.58,4039.52,GNS2,SIG_PWR2,4.99996,4.99996,-3.61106e-10
6521.18,5286.82,SIG_PWR1,GND1,3.29312,3.29312,-0.0235024
6521.18,5286.82,GND1,GNS2,3.29312,3.29315,-0.0235024
6521.18,5286.82,GNS2,SIG_PWR2,3.29315,3.29315,-0.0235024
6535.18,5474.82,SIG_PWR1,GND1,0.000131752,0.000131752,6.99688e-16
6535.18,5474.82,GND1,GNS2,0.000131752,0.00012346,0.00698948
6535.18,5474.82,GNS2,SIG_PWR2,0.00012346,0.000120909,0.0164626
6551.18,6186.82,SIG_PWR1,GND1,0.000121211,0.000120729,0.00311091
6551.18,6186.82,GND1,GNS2,0.000120729,0.000118488,0.00188901
6551.18,6186.82,GNS2,SIG_PWR2,0.000118488,0.000118313,0.00113307
6583.58,4006.52,SIG_PWR1,GND1,4.99996,4.99996,-2.63665e-10
6583.58,4006.52,GND1,GNS2,4.99996,4.99996,-2.69524e-10
6583.58,4006.52,GNS2,SIG_PWR2,4.99996,4.99996,-2.69397e-10
6583.58,4039.52,SIG_PWR1,GND1,4.99996,4.99996,-3.38179e-10
6583.58,4039.52,GND1,GNS2,4.99996,4.99996,-3.41397e-10
6583.58,4039.52,GNS2,SIG_PWR2,4.99996,4.99996,-3.38179e-10
6606.94,3557.72,SIG_PWR1,GND1,9.23033e-05,9.23568e-05,-0.000772752
6606.94,3557.72,GND1,GNS2,9.23568e-05,9.31379e-05,-0.00147494
6606.94,3557.72,GNS2,SIG_PWR2,9.31379e-05,9.31286e-05,0.00013364
6602.18,6275.82,SIG_PWR1,GND1,0.000119938,0.000119045,0.00576455
6602.18,6275.82,GND1,GNS2,0.000119045,0.000116508,0.0021382
6602.18,6275.82,GNS2,SIG_PWR2,0.000116508,0.000116401,0.000690068
6618.18,5026.82,SIG_PWR1,GND1,0.000127292,0.000127292,-6.99688e-16
6618.18,5026.82,GND1,GNS2,0.000127292,0.000122342,0.00417236
6618.18,5026.82,GNS2,SIG_PWR2,0.000122342,0.000121952,0.00251701
6628.18,4993.82,SIG_PWR1,GND1,5.88245e-05,5.88755e-05,-0.000329382
6628.18,4993.82,GND1,GNS2,5.88755e-05,5.92663e-05,-0.000329382
6628.18,4993.82,GNS2,SIG_PWR2,5.92663e-05,5.93173e-05,-0.000329382
6645.18,4757.27,SIG_PWR1,GND1,0.000115503,0.000114197,0.00842649
6645.18,4757.27,GND1,GNS2,0.000114197,0.000106167,0.00676811
6645.18,4757.27,GNS2,SIG_PWR2,0.000106167,0.000103717,0.0158153
6648.18,6059.82,SIG_PWR1,GND1,0.000118751,0.000118149,0.00388575
6648.18,6059.82,GND1,GNS2,0.000118149,0.000116609,0.00129867
6648.18,6059.82,GNS2,SIG_PWR2,0.000116609,0.000117196,-0.00378823
6661.07,3416.18,SIG_PWR1,GND1,8.73922e-05,8.73624e-05,0.000324646
6661.07,3416.18,GND1,GNS2,8.73624e-05,8.85979e-05,-0.00175913
6661.07,3416.18,GNS2,SIG_PWR2,8.85979e-05,8.89357e-05,-0.00368241
6661.07,3579.57,SIG_PWR1,GND1,8.74081e-05,8.73153e-05,0.00101197
6661.07,3579.57,GND1,GNS2,8.73153e-05,8.6756e-05,0.00079632
6661.07,3579.57,GNS2,SIG_PWR2,8.6756e-05,8.62609e-05,0.0053974
6675.58,4006.52,SIG_PWR1,GND1,4.99996,4.99996,-2.92324e-10
6675.58,4006.52,GND1,GNS2,4.99996,4.99996,-2.94979e-10
6675.58,4006.52,GNS2,SIG_PWR2,4.99996,4.99996,-2.98056e-10
6675.58,4039.52,SIG_PWR1,GND1,4.99996,4.99996,-3.49643e-10
6675.58,4039.52,GND1,GNS2,4.99996,4.99996,-3.50381e-10
6675.58,4039.52,GNS2,SIG_PWR2,4.99996,4.99996,-3.55374e-10
6688.21,4566.75,SIG_PWR1,GND1,9.96336e-05,0.000100192,-0.00360073
6688.21,4566.75,GND1,GNS2,0.000100192,9.71643e-05,0.00255183
6688.21,4566.75,GNS2,SIG_PWR2,9.71643e-05,9.55769e-05,0.0102442
6697.18,3902.82,SIG_PWR1,GND1,8.6757e-05,8.68242e-05,-0.000433723
6697.18,3902.82,GND1,GNS2,8.68242e-05,8.81861e-05,-0.001148
6697.18,3902.82,GNS2,SIG_PWR2,8.81861e-05,8.88788e-05,-0.00447028
6713.18,6179.82,SIG_PWR1,GND1,0.000116967,0.000115576,0.0089754
6713.18,6179.82,GND1,GNS2,0.000115576,0.000113731,0.00155498
6713.18,6179.82,GNS2,SIG_PWR2,0.000113731,0.000114605,-0.00564159
6742.58,4005.52,SIG_PWR1,GND1,4.99996,4.99996,-3.38179e-10
6742.58,4005.52,GND1,GNS2,4.99996,4.99996,-3.41397e-10
6742.58,4005.52,GNS2,SIG_PWR2,4.99996,4.99996,-3.43911e-10
6742.58,4038.52,SIG_PWR1,GND1,4.99996,4.99996,-3.84034e-10
6742.58,4038.52,GND1,GNS2,4.99996,4.99996,-3.81826e-10
6742.58,4038.52,GNS2,SIG_PWR2,4.99996,4.99996,-3.89765e-10
6771.18,4929.82,SIG_PWR1,GND1,3.29361,3.2936,0.0704359
6771.18,4929.82,GND1,GNS2,3.2936,3.29352,0.0704359
6771.18,4929.82,GNS2,SIG_PWR2,3.29352,3.29351,0.0704359
6774.18,6431.82,SIG_PWR1,GND1,3.29985,3.29985,-0.00161869
6774.18,6431.82,GND1,GNS2,3.29985,3.29986,-0.00161869
6774.18,6431.82,GNS2,SIG_PWR2,3.29986,3.29986,-0.00161869
6781.97,5358.03,SIG_PWR1,GND1,0.000106694,0.000106694,-4.37305e-16
6781.97,5358.03,GND1,GNS2,0.000106694,9.88773e-05,0.00658894
6781.97,5358.03,GNS2,SIG_PWR2,9.88773e-05,9.53724e-05,0.022619
6795.51,3542.13,SIG_PWR1,GND1,7.85213e-05,7.88491e-05,-0.00211552
6795.51,3542.13,GND1,GNS2,7.88491e-05,7.91052e-05,-0.000215888
6795.51,3542.13,GNS2,SIG_PWR2,7.91052e-05,7.88124e-05,0.00188979
6795.51,7675.99,SIG_PWR1,GND1,0.000103636,0.000103837,-0.00129672
6795.51,7675.99,GND1,GNS2,0.000103837,0.000103838,-1.27681e-06
6795.51,7675.99,GNS2,SIG_PWR2,0.000103838,0.000103757,0.000526248
6798.9,3691.82,SIG_PWR1,GND1,7.9542e-05,7.95941e-05,-0.000336263
6798.9,3691.82,GND1,GNS2,7.95941e-05,7.82434e-05,0.00113852
6798.9,3691.82,GNS2,SIG_PWR2,7.82434e-05,7.70393e-05,0.00777051
6837.18,6431.82,SIG_PWR1,GND1,3.29985,3.29985,-0.00135306
6837.18,6431.82,GND1,GNS2,3.29985,3.29986,-0.00135306
6837.18,6431.82,GNS2,SIG_PWR2,3.29986,3.29986,-0.00135306
6840.18,4918.82,SIG_PWR1,GND1,1.09835,1.09832,0.184136
6840.18,4918.82,GND1,GNS2,1.09832,1.0981,0.184136
6840.18,4918.82,GNS2,SIG_PWR2,1.0981,1.09807,0.184136
6866.18,4894.82,SIG_PWR1,GND1,1.09838,1.09836,0.161374
6866.18,4894.82,GND1,GNS2,1.09836,1.09816,0.161374
6866.18,4894.82,GNS2,SIG_PWR2,1.09816,1.09814,0.161374
6870.18,6360.08,SIG_PWR1,GND1,0.000105312,0.000105499,-0.00121203
6870.18,6360.08,GND1,GNS2,0.000105499,0.000105935,-0.000366905
6870.18,6360.08,GNS2,SIG_PWR2,0.000105935,0.00010643,-0.00319571
6873.92,6188.82,SIG_PWR1,GND1,0.000105552,0.000105552,-8.7461e-17
6873.92,6188.82,GND1,GNS2,0.000105552,0.000104307,0.00104934
6873.92,6188.82,GNS2,SIG_PWR2,0.000104307,0.000103997,0.00200657
6898.18,6431.82,SIG_PWR1,GND1,3.29986,3.29986,-0.000658553
6898.18,6431.82,GND1,GNS2,3.29986,3.29986,-0.000658553
6898.18,6431.82,GNS2,SIG_PWR2,3.29986,3.29986,-0.000658553
6940.18,3453.82,SIG_PWR1,GND1,6.84939e-05,6.86333e-05,-0.000899587
6940.18,3453.82,GND1,GNS2,6.86333e-05,6.94523e-05,-0.000690441
6940.18,3453.82,GNS2,SIG_PWR2,6.94523e-05,6.95272e-05,-0.000482999
6943.15,3837.41,SIG_PWR1,GND1,7.15347e-05,7.07571e-05,0.00501836
6943.15,3837.41,GND1,GNS2,7.07571e-05,6.84531e-05,0.00194208
6943.15,3837.41,GNS2,SIG_PWR2,6.84531e-05,6.74068e-05,0.00675253
6957.18,6430.82,SIG_PWR1,GND1,3.29986,3.29986,-0.000170479
6957.18,6430.82,GND1,GNS2,3.29986,3.29986,-0.000170479
6957.18,6430.82,GNS2,SIG_PWR2,3.29986,3.29986,-0.000170479
7020.18,6430.82,SIG_PWR1,GND1,3.29986,3.29986,-0.000278709
7020.18,6430.82,GND1,GNS2,3.29986,3.29986,-0.000278709
7020.18,6430.82,GNS2,SIG_PWR2,3.29986,3.29986,-0.000278709
7028.18,6369.82,SIG_PWR1,GND1,9.75023e-05,9.75444e-05,-0.000272052
7028.18,6369.82,GND1,GNS2,9.75444e-05,9.69357e-05,0.000513112
7028.18,6369.82,GNS2,SIG_PWR2,9.69357e-05,9.69352e-05,3.0608e-06
7030.18,6186.82,SIG_PWR1,GND1,9.76203e-05,9.76203e-05,3.49844e-16
7030.18,6186.82,GND1,GNS2,9.76203e-05,9.67632e-05,0.000722504
7030.18,6186.82,GNS2,SIG_PWR2,9.67632e-05,9.67707e-05,-4.86491e-05
7064.18,4745.82,SIG_PWR1,GND1,6.19004e-05,6.38403e-05,-0.0125191
7064.18,4745.82,GND1,GNS2,6.38403e-05,6.77127e-05,-0.00326422
7064.18,4745.82,GNS2,SIG_PWR2,6.77127e-05,6.71875e-05,0.00338974
7081.18,6430.82,SIG_PWR1,GND1,3.29986,3.29986,-0.000182351
7081.18,6430.82,GND1,GNS2,3.29986,3.29986,-0.000182351
7081.18,6430.82,GNS2,SIG_PWR2,3.29986,3.29986,-0.000182351
7090.79,3542.13,SIG_PWR1,GND1,5.82797e-05,5.82919e-05,-7.8748e-05
7090.79,3542.13,GND1,GNS2,5.82919e-05,5.92094e-05,-0.000773404
7090.79,3542.13,GNS2,SIG_PWR2,5.92094e-05,5.93303e-05,-0.000780109
7090.79,7675.99,SIG_PWR1,GND1,9.54796e-05,9.55352e-05,-0.00035875
7090.79,7675.99,GND1,GNS2,9.55352e-05,9.5413e-05,0.000103006
7090.79,7675.99,GNS2,SIG_PWR2,9.5413e-05,9.5412e-05,6.63452e-06
7099.18,4045.82,SIG_PWR1,GND1,5.96282e-05,5.91086e-05,0.00335352
7099.18,4045.82,GND1,GNS2,5.91086e-05,5.71966e-05,0.00161166
7099.18,4045.82,GNS2,SIG_PWR2,5.71966e-05,5.55904e-05,0.0103654
7139.18,6430.82,SIG_PWR1,GND1,3.29986,3.29986,-0.00017643
7139.18,6430.82,GND1,GNS2,3.29986,3.29986,-0.00017643
7139.18,6430.82,GNS2,SIG_PWR2,3.29986,3.29986,-0.00017643
7183.18,6377.82,SIG_PWR1,GND1,9.25998e-05,9.24856e-05,0.000736874
7183.18,6377.82,GND1,GNS2,9.24856e-05,9.10747e-05,0.00118936
7183.18,6377.82,GNS2,SIG_PWR2,9.10747e-05,9.09829e-05,0.000592156
7184.18,4838.82,SIG_PWR1,GND1,2.49966,2.49965,0.0809465
7184.18,4838.82,GND1,GNS2,2.49965,2.49955,0.0809465
7184.18,4838.82,GNS2,SIG_PWR2,2.49955,2.49954,0.0809465
7185.18,6189.82,SIG_PWR1,GND1,9.11494e-05,9.11494e-05,3.49844e-16
7185.18,6189.82,GND1,GNS2,9.11494e-05,8.99727e-05,0.000991818
7185.18,6189.82,GNS2,SIG_PWR2,8.99727e-05,9.0003e-05,-0.000195331
7202.18,6430.82,SIG_PWR1,GND1,3.29986,3.29986,-0.000234018
7202.18,6430.82,GND1,GNS2,3.29986,3.29986,-0.000234018
7202.18,6430.82,GNS2,SIG_PWR2,3.29986,3.29986,-0.000234018
7206.18,5032.82,SIG_PWR1,GND1,5.65362e-05,5.68366e-05,-0.00193842
7206.18,5032.82,GND1,GNS2,5.68366e-05,6.19663e-05,-0.00432402
7206.18,5032.82,GNS2,SIG_PWR2,6.19663e-05,6.29348e-05,-0.00625052
7225.18,4838.82,SIG_PWR1,GND1,2.49971,2.49969,0.097278
7225.18,4838.82,GND1,GNS2,2.49969,2.49958,0.097278
7225.18,4838.82,GNS2,SIG_PWR2,2.49958,2.49956,0.097278
7263.18,6430.82,SIG_PWR1,GND1,3.29986,3.29986,-0.000316593
7263.18,6430.82,GND1,GNS2,3.29986,3.29986,-0.000316593
7263.18,6430.82,GNS2,SIG_PWR2,3.29986,3.29986,-0.000316593
7299.18,4427.82,SIG_PWR1,GND1,3.29735,3.29735,-1.71955e-11
7299.18,4427.82,GND1,GNS2,3.29735,3.29735,-2.0963e-11
7299.18,4427.82,GNS2,SIG_PWR2,3.29735,3.29735,-2.29274e-11
7301.18,4309.82,SIG_PWR1,GND1,4.99996,4.99996,1.14637e-11
7301.18,4309.82,GND1,GNS2,4.99996,4.99996,6.7381e-12
7301.18,4309.82,GNS2,SIG_PWR2,4.99996,4.99996,-0
7313.18,6353.82,SIG_PWR1,GND1,9.06343e-05,8.96715e-05,0.00621366
7313.18,6353.82,GND1,GNS2,8.96715e-05,8.65486e-05,0.00263239
7313.18,6353.82,GNS2,SIG_PWR2,8.65486e-05,8.63768e-05,0.00110872
7323.18,6431.82,SIG_PWR1,GND1,3.29986,3.29986,-0.00060647
7323.18,6431.82,GND1,GNS2,3.29986,3.29986,-0.00060647
7323.18,6431.82,GNS2,SIG_PWR2,3.29986,3.29986,-0.00060647
7333.18,3868.82,SIG_PWR1,GND1,2.20301e-05,2.1979e-05,0.000329382
7333.18,3868.82,GND1,GNS2,2.1979e-05,2.15883e-05,0.000329382
7333.18,3868.82,GNS2,SIG_PWR2,2.15883e-05,2.15372e-05,0.000329382
7364.35,6191.38,SIG_PWR1,GND1,9.00863e-05,8.73712e-05,0.017522
7364.35,6191.38,GND1,GNS2,8.73712e-05,8.1428e-05,0.0050097
7364.35,6191.38,GNS2,SIG_PWR2,8.1428e-05,8.07385e-05,0.0044496
7376.45,3445.19,SIG_PWR1,GND1,3.93899e-05,3.9606e-05,-0.00139456
7376.45,3445.19,GND1,GNS2,3.9606e-05,4.22932e-05,-0.00226509
7376.45,3445.19,GNS2,SIG_PWR2,4.22932e-05,4.29385e-05,-0.00416464
7385.18,3701.82,SIG_PWR1,GND1,3.79042e-05,3.81326e-05,-0.00147394
7385.18,3701.82,GND1,GNS2,3.81326e-05,4.02358e-05,-0.00177282
7385.18,3701.82,GNS2,SIG_PWR2,4.02358e-05,4.01731e-05,0.00040437
7386.07,3542.13,SIG_PWR1,GND1,3.89961e-05,3.91923e-05,-0.00126584
7386.07,3542.13,GND1,GNS2,3.91923e-05,4.16694e-05,-0.00208808
7386.07,3542.13,GNS2,SIG_PWR2,4.16694e-05,4.21284e-05,-0.00296196
7386.07,4132.68,SIG_PWR1,GND1,3.65428e-05,3.66454e-05,-0.000662439
7386.07,4132.68,GND1,GNS2,3.66454e-05,4.01038e-05,-0.00291517
7386.07,4132.68,GNS2,SIG_PWR2,4.01038e-05,4.02015e-05,-0.000630823
7386.07,5313.78,SIG_PWR1,GND1,5.37708e-05,5.47736e-05,-0.0064716
7386.07,5313.78,GND1,GNS2,5.47736e-05,5.94474e-05,-0.00393973
7386.07,5313.78,GNS2,SIG_PWR2,5.94474e-05,5.99622e-05,-0.00332207
7386.07,7675.99,SIG_PWR1,GND1,8.82566e-05,8.82194e-05,0.00024045
7386.07,7675.99,GND1,GNS2,8.82194e-05,8.8056e-05,0.000137737
7386.07,7675.99,GNS2,SIG_PWR2,8.8056e-05,8.81295e-05,-0.000474397
7386.18,6431.82,SIG_PWR1,GND1,3.29986,3.29986,-0.00106374
7386.18,6431.82,GND1,GNS2,3.29986,3.29986,-0.00106374
7386.18,6431.82,GNS2,SIG_PWR2,3.29986,3.29986,-0.00106374
7400.18,6170.82,SIG_PWR1,GND1,15.9999,15.9999,-0.001
7400.18,6170.82,GND1,GNS2,15.9999,15.9999,-0.001
7400.18,6170.82,GNS2,SIG_PWR2,15.9999,15.9999,-0.001
7438.18,6001.82,SIG_PWR1,GND1,7.45771e-05,7.57331e-05,-0.0074598
7438.18,6001.82,GND1,GNS2,7.57331e-05,7.59989e-05,-0.000224068
7438.18,6001.82,GNS2,SIG_PWR2,7.59989e-05,7.55406e-05,0.00295756
7445.63,6166.37,SIG_PWR1,GND1,-6.99994,-6.99994,0.001
7445.63,6166.37,GND1,GNS2,-6.99994,-6.99995,0.001
7445.63,6166.37,GNS2,SIG_PWR2,-6.99995,-6.99995,0.001
7447.18,6431.82,SIG_PWR1,GND1,3.29986,3.29986,-0.001605
7447.18,6431.82,GND1,GNS2,3.29986,3.29986,-0.001605
7447.18,6431.82,GNS2,SIG_PWR2,3.29986,3.29986,-0.001605
7495.19,6162.48,SIG_PWR1,GND1,10.3974,10.3974,-0.05
7495.19,6162.48,GND1,GNS2,10.3974,10.3975,-0.05
7495.19,6162.48,GNS2,SIG_PWR2,10.3975,10.3975,-0.05
7519.18,6431.82,SIG_PWR1,GND1,3.29986,3.29986,-0.00206595
7519.18,6431.82,GND1,GNS2,3.29986,3.29986,-0.00206595
7519.18,6431.82,GNS2,SIG_PWR2,3.29986,3.29986,-0.00206595
7584.18,4180.82,SIG_PWR1,GND1,8.79236,8.79236,-0.0621787
7584.18,4180.82,GND1,GNS2,8.79236,8.79244,-0.0621787
7584.18,4180.82,GNS2,SIG_PWR2,8.79244,8.79245,-0.0621787
7584.18,4220.82,SIG_PWR1,GND1,8.79237,8.79238,-0.0536265
7584.18,4220.82,GND1,GNS2,8.79238,8.79244,-0.0536265
7584.18,4220.82,GNS2,SIG_PWR2,8.79244,8.79245,-0.0536265
7584.18,6003.82,SIG_PWR1,GND1,7.01841e-05,7.05146e-05,-0.00213305
7584.18,6003.82,GND1,GNS2,7.05146e-05,7.08947e-05,-0.000320411
7584.18,6003.82,GNS2,SIG_PWR2,7.08947e-05,7.10951e-05,-0.00129342
7625.18,4180.82,SIG_PWR1,GND1,8.79228,8.7923,-0.123917
7625.18,4180.82,GND1,GNS2,8.7923,8.79245,-0.123917
7625.18,4180.82,GNS2,SIG_PWR2,8.79245,8.79247,-0.123917
7625.18,4220.82,SIG_PWR1,GND1,8.79234,8.79235,-0.0920778
7625.18,4220.82,GND1,GNS2,8.79235,8.79246,-0.0920778
7625.18,4220.82,GNS2,SIG_PWR2,8.79246,8.79248,-0.0920778
7630.18,5838.82,SIG_PWR1,GND1,6.49877e-05,6.50637e-05,-0.000490155
7630.18,5838.82,GND1,GNS2,6.50637e-05,6.69492e-05,-0.00158941
7630.18,5838.82,GNS2,SIG_PWR2,6.69492e-05,6.80789e-05,-0.00729039
7634.54,3592.55,SIG_PWR1,GND1,2.21878e-05,2.25573e-05,-0.00238429
7634.54,3592.55,GND1,GNS2,2.25573e-05,2.53565e-05,-0.00235953
7634.54,3592.55,GNS2,SIG_PWR2,2.53565e-05,2.51449e-05,0.00136557
7637.18,6357.82,SIG_PWR1,GND1,8.02607e-05,7.82725e-05,0.0128312
7637.18,6357.82,GND1,GNS2,7.82725e-05,7.29469e-05,0.00448913
7637.18,6357.82,GNS2,SIG_PWR2,7.29469e-05,7.20247e-05,0.00595131
7649.18,4941.82,SIG_PWR1,GND1,-3.27288e-05,-2.29157e-05,-0.0633288
7649.18,4941.82,GND1,GNS2,-2.29157e-05,3.22731e-06,-0.0220369
7649.18,4941.82,GNS2,SIG_PWR2,3.22731e-06,2.39913e-06,0.00534461
7661.18,3963.82,SIG_PWR1,GND1,1.37524e-05,1.4562e-05,-0.00522484
7661.18,3963.82,GND1,GNS2,1.4562e-05,2.14663e-05,-0.00581989
7661.18,3963.82,GNS2,SIG_PWR2,2.14663e-05,2.17252e-05,-0.00167098
7662.18,4778.82,SIG_PWR1,GND1,-4.80297e-05,-3.2377e-05,-0.101014
7662.18,4778.82,GND1,GNS2,-3.2377e-05,1.88878e-06,-0.0288839
7662.18,4778.82,GNS2,SIG_PWR2,1.88878e-06,2.0319e-06,-0.000923649
7662.45,5311.82,SIG_PWR1,GND1,3.7639e-05,3.82366e-05,-0.0038565
7662.45,5311.82,GND1,GNS2,3.82366e-05,4.5235e-05,-0.00589922
7662.45,5311.82,GNS2,SIG_PWR2,4.5235e-05,4.76467e-05,-0.0155634
7681.34,5904.34,SIG_PWR1,GND1,6.51077e-05,6.47753e-05,0.00214517
7681.34,5904.34,GND1,GNS2,6.47753e-05,6.59587e-05,-0.00099756
7681.34,5904.34,GNS2,SIG_PWR2,6.59587e-05,6.71727e-05,-0.00783416
7681.34,7675.99,SIG_PWR1,GND1,8.01321e-05,8.00091e-05,0.000793916
7681.34,7675.99,GND1,GNS2,8.00091e-05,7.98177e-05,0.000161301
7681.34,7675.99,GNS2,SIG_PWR2,7.98177e-05,7.99623e-05,-0.000933149
7715.18,5106.82,SIG_PWR1,GND1,1.09371e-05,1.09404e-05,-2.09155e-05
7715.18,5106.82,GND1,GNS2,1.09404e-05,2.01485e-05,-0.00776185
7715.18,5106.82,GNS2,SIG_PWR2,2.01485e-05,2.06737e-05,-0.00338974
7720.18,5978.82,SIG_PWR1,GND1,2.45914e-05,2.45403e-05,0.000329927
7720.18,5978.82,GND1,GNS2,2.45403e-05,2.41489e-05,0.000329927
7720.18,5978.82,GNS2,SIG_PWR2,2.41489e-05,2.40978e-05,0.000329927
7730.18,4617.82,SIG_PWR1,GND1,-1.60112e-06,-2.22806e-06,0.00404589
7730.18,4617.82,GND1,GNS2,-2.22806e-06,7.3223e-06,-0.00805034
7730.18,4617.82,GNS2,SIG_PWR2,7.3223e-06,6.92325e-06,0.00257525
7742.43,4849.08,SIG_PWR1,GND1,-6.27206e-05,-4.78846e-05,-0.0957438
7742.43,4849.08,GND1,GNS2,-4.78846e-05,-9.46272e-06,-0.0323872
7742.43,4849.08,GNS2,SIG_PWR2,-9.46272e-06,-8.10635e-06,-0.00875332
7743.18,4880.82,SIG_PWR1,GND1,-5.00381e-05,-4.18399e-05,-0.0529068
7743.18,4880.82,GND1,GNS2,-4.18399e-05,-8.96047e-06,-0.0277153
7743.18,4880.82,GNS2,SIG_PWR2,-8.96047e-06,-8.03879e-06,-0.00594803
7773.92,4880.57,SIG_PWR1,GND1,-5.47479e-05,-4.40559e-05,-0.0690006
7773.92,4880.57,GND1,GNS2,-4.40559e-05,-9.84367e-06,-0.0288388
7773.92,4880.57,GNS2,SIG_PWR2,-9.84367e-06,-8.03879e-06,-0.0116478
7774.18,4849.82,SIG_PWR1,GND1,-5.29998e-05,-4.39472e-05,-0.0584207
7774.18,4849.82,GND1,GNS2,-4.39472e-05,-9.87817e-06,-0.028718
7774.18,4849.82,GNS2,SIG_PWR2,-9.87817e-06,-8.10635e-06,-0.0114345
7774.76,4966.01,SIG_PWR1,GND1,-3.25031e-05,-2.5958e-05,-0.0422383
7774.76,4966.01,GND1,GNS2,-2.5958e-05,-2.52684e-06,-0.019751
7774.76,4966.01,GNS2,SIG_PWR2,-2.52684e-06,-2.50165e-06,-0.000162613
7775.18,5012.82,SIG_PWR1,GND1,4.99676,4.9968,-0.23782
7775.18,5012.82,GND1,GNS2,4.9968,4.99708,-0.23782
7775.18,5012.82,GNS2,SIG_PWR2,4.99708,4.99711,-0.23782
7789.18,4584.82,SIG_PWR1,GND1,4.99922,4.99919,0.142212
7789.18,4584.82,GND1,GNS2,4.99919,4.99902,0.142212
7789.18,4584.82,GNS2,SIG_PWR2,4.99902,4.999,0.142212
7790.18,4620.82,SIG_PWR1,GND1,4.99909,4.99907,0.0956074
7790.18,4620.82,GND1,GNS2,4.99907,4.99896,0.0956074
7790.18,4620.82,GNS2,SIG_PWR2,4.99896,4.99894,0.0956074
7797.54,3821.55,SIG_PWR1,GND1,2.07874e-06,4.24745e-06,-0.0139957
7797.54,3821.55,GND1,GNS2,4.24745e-06,1.43699e-05,-0.00853261
7797.54,3821.55,GNS2,SIG_PWR2,1.43699e-05,1.60349e-05,-0.0107449
7817.18,5108.82,SIG_PWR1,GND1,6.94408e-06,6.747e-06,0.00127182
7817.18,5108.82,GND1,GNS2,6.747e-06,1.38705e-05,-0.00600463
7817.18,5108.82,GNS2,SIG_PWR2,1.38705e-05,1.35495e-05,0.00207099
7864.18,4928.82,SIG_PWR1,GND1,-4.29556e-05,-3.16324e-05,-0.0730746
7864.18,4928.82,GND1,GNS2,-3.16324e-05,-4.49609e-06,-0.0228741
7864.18,4928.82,GNS2,SIG_PWR2,-4.49609e-06,-4.36159e-06,-0.000867985
7887.84,4769.16,SIG_PWR1,GND1,-1.82539e-05,-1.6576e-05,-0.0108284
7887.84,4769.16,GND1,GNS2,-1.6576e-05,-2.36039e-06,-0.0119828
7887.84,4769.16,GNS2,SIG_PWR2,-2.36039e-06,-2.42047e-06,0.000387753
7902.54,3404.55,SIG_PWR1,GND1,8.46033e-06,8.30228e-06,0.00102001
7902.54,3404.55,GND1,GNS2,8.30228e-06,1.04386e-05,-0.00180079
7902.54,3404.55,GNS2,SIG_PWR2,1.04386e-05,1.05593e-05,-0.000778595
7944.9,4104.82,SIG_PWR1,GND1,-4.15811e-05,-2.6749e-05,-0.0957187
7944.9,4104.82,GND1,GNS2,-2.6749e-05,1.99744e-06,-0.0242315
7944.9,4104.82,GNS2,SIG_PWR2,1.99744e-06,3.45445e-06,-0.00940278
7954.18,4319.82,SIG_PWR1,GND1,4.99996,4.99996,0.000262145
7954.18,4319.82,GND1,GNS2,4.99996,4.99996,0.000262145
7954.18,4319.82,GNS2,SIG_PWR2,4.99996,4.99996,0.000262145
7954.18,4359.82,SIG_PWR1,GND1,4.99996,4.99996,-0.000245141
7954.18,4359.82,GND1,GNS2,4.99996,4.99996,-0.000245141
7954.18,4359.82,GNS2,SIG_PWR2,4.99996,4.99996,-0.000245141
7969.18,6471.82,SIG_PWR1,GND1,6.26032e-05,6.31606e-05,-0.00359726
7969.18,6471.82,GND1,GNS2,6.31606e-05,6.30564e-05,8.78469e-05
7969.18,6471.82,GNS2,SIG_PWR2,6.30564e-05,6.28887e-05,0.00108233
7976.62,7675.99,SIG_PWR1,GND1,7.33168e-05,7.31121e-05,0.00132116
7976.62,7675.99,GND1,GNS2,7.31121e-05,7.28668e-05,0.000206813
7976.62,7675.99,GNS2,SIG_PWR2,7.28668e-05,7.30609e-05,-0.00125263
7995.18,4319.82,SIG_PWR1,GND1,4.99996,4.99996,9.49575e-05
7995.18,4319.82,GND1,GNS2,4.99996,4.99996,9.49575e-05
7995.18,4319.82,GNS2,SIG_PWR2,4.99996,4.99996,9.49575e-05
7995.18,4359.82,SIG_PWR1,GND1,4.99996,4.99996,-0.00011196
7995.18,4359.82,GND1,GNS2,4.99996,4.99996,-0.00011196
7995.18,4359.82,GNS2,SIG_PWR2,4.99996,4.99996,-0.00011196
8026.18,3988.82,SIG_PWR1,GND1,-1.52317e-05,-1.2182e-05,-0.0196811
8026.18,3988.82,GND1,GNS2,-1.2182e-05,4.92892e-07,-0.0106841
8026.18,3988.82,GNS2,SIG_PWR2,4.92892e-07,1.3049e-06,-0.00524028
8063.18,4812.82,SIG_PWR1,GND1,3.29998,3.29996,0.11271
8063.18,4812.82,GND1,GNS2,3.29996,3.29983,0.11271
8063.18,4812.82,GNS2,SIG_PWR2,3.29983,3.29981,0.11271
8063.18,4852.82,SIG_PWR1,GND1,3.29995,3.29994,0.0648365
8063.18,4852.82,GND1,GNS2,3.29994,3.29987,0.0648365
8063.18,4852.82,GNS2,SIG_PWR2,3.29987,3.29986,0.0648365
8063.18,4892.82,SIG_PWR1,GND1,3.29993,3.29992,0.0389098
8063.18,4892.82,GND1,GNS2,3.29992,3.29988,0.0389098
8063.18,4892.82,GNS2,SIG_PWR2,3.29988,3.29987,0.0389098
8063.18,5534.82,SIG_PWR1,GND1,10.3968,10.3968,-0.0547468
8063.18,5534.82,GND1,GNS2,10.3968,10.3969,-0.0547468
8063.18,5534.82,GNS2,SIG_PWR2,10.3969,10.3969,-0.0547468
8063.18,5575.82,SIG_PWR1,GND1,10.3968,10.3969,-0.0357997
8063.18,5575.82,GND1,GNS2,10.3969,10.3969,-0.0357997
8063.18,5575.82,GNS2,SIG_PWR2,10.3969,10.3969,-0.0357997
8100.54,3680.55,SIG_PWR1,GND1,-4.11316e-06,-4.22717e-06,0.00073575
8100.54,3680.55,GND1,GNS2,-4.22717e-06,-1.52415e-06,-0.00227847
8100.54,3680.55,GNS2,SIG_PWR2,-1.52415e-06,-1.54923e-06,0.000161815
8103.18,5534.82,SIG_PWR1,GND1,10.3969,10.3969,-0.0449791
8103.18,5534.82,GND1,GNS2,10.3969,10.3969,-0.0449791
8103.18,5534.82,GNS2,SIG_PWR2,10.3969,10.3969,-0.0449791
8103.18,5575.82,SIG_PWR1,GND1,10.3969,10.3969,-0.0350431
8103.18,5575.82,GND1,GNS2,10.3969,10.3969,-0.0350431
8103.18,5575.82,GNS2,SIG_PWR2,10.3969,10.3969,-0.0350431
8104.18,4812.82,SIG_PWR1,GND1,3.30001,3.29999,0.112146
8104.18,4812.82,GND1,GNS2,3.29999,3.29986,0.112146
8104.18,4812.82,GNS2,SIG_PWR2,3.29986,3.29984,0.112146
8104.18,4852.82,SIG_PWR1,GND1,3.29996,3.29995,0.0583989
8104.18,4852.82,GND1,GNS2,3.29995,3.29988,0.0583989
8104.18,4852.82,GNS2,SIG_PWR2,3.29988,3.29987,0.0583989
8104.18,4892.82,SIG_PWR1,GND1,3.29994,3.29993,0.0342835
8104.18,4892.82,GND1,GNS2,3.29993,3.29989,0.0342835
8104.18,4892.82,GNS2,SIG_PWR2,3.29989,3.29989,0.0342835
8124.25,3837.41,SIG_PWR1,GND1,-9.35238e-06,-8.82069e-06,-0.00343127
8124.25,3837.41,GND1,GNS2,-8.82069e-06,-5.05559e-06,-0.00317374
8124.25,3837.41,GNS2,SIG_PWR2,-5.05559e-06,-5.63617e-06,0.00374678
8124.25,5018.51,SIG_PWR1,GND1,6.00257e-06,7.14727e-06,-0.00738734
8124.25,5018.51,GND1,GNS2,7.14727e-06,1.13313e-05,-0.00352691
8124.25,5018.51,GNS2,SIG_PWR2,1.13313e-05,1.13484e-05,-0.000109844
8145.18,4812.82,SIG_PWR1,GND1,3.30003,3.30001,0.120083
8145.18,4812.82,GND1,GNS2,3.30001,3.29987,0.120083
8145.18,4812.82,GNS2,SIG_PWR2,3.29987,3.29985,0.120083
8145.18,4852.82,SIG_PWR1,GND1,3.29997,3.29997,0.0627821
8145.18,4852.82,GND1,GNS2,3.29997,3.29989,0.0627821
8145.18,4852.82,GNS2,SIG_PWR2,3.29989,3.29988,0.0627821
8145.18,4892.82,SIG_PWR1,GND1,3.29995,3.29994,0.0374243
8145.18,4892.82,GND1,GNS2,3.29994,3.2999,0.0374243
8145.18,4892.82,GNS2,SIG_PWR2,3.2999,3.29989,0.0374243
8173.18,4419.82,SIG_PWR1,GND1,-9.71847e-06,-8.5867e-06,-0.00730386
8173.18,4419.82,GND1,GNS2,-8.5867e-06,-2.52387e-06,-0.00511058
8173.18,4419.82,GNS2,SIG_PWR2,-2.52387e-06,-2.79826e-06,0.0017708
8182.18,5523.82,SIG_PWR1,GND1,4.83537e-05,4.66971e-05,0.0106912
8182.18,5523.82,GND1,GNS2,4.66971e-05,3.64363e-05,0.00864916
8182.18,5523.82,GNS2,SIG_PWR2,3.64363e-05,3.54866e-05,0.00612868
8183.92,5391.45,SIG_PWR1,GND1,7.98097e-05,6.30578e-05,0.108108
8183.92,5391.45,GND1,GNS2,6.30578e-05,3.53203e-05,0.023381
8183.92,5391.45,GNS2,SIG_PWR2,3.53203e-05,3.39166e-05,0.00905883
8185.18,5262.82,SIG_PWR1,GND1,3.7574e-05,3.42384e-05,0.0215265
8185.18,5262.82,GND1,GNS2,3.42384e-05,2.70962e-05,0.00602039
8185.18,5262.82,GNS2,SIG_PWR2,2.70962e-05,2.77824e-05,-0.00442819
8227.18,6121.82,SIG_PWR1,GND1,10.3978,10.3978,2.29274e-11
8227.18,6121.82,GND1,GNS2,10.3978,10.3978,1.04815e-11
8227.18,6121.82,GNS2,SIG_PWR2,10.3978,10.3978,-0
8271.89,4132.68,SIG_PWR1,GND1,-1.37546e-05,-1.30935e-05,-0.0042668
8271.89,4132.68,GND1,GNS2,-1.30935e-05,-9.11249e-06,-0.0033557
8271.89,4132.68,GNS2,SIG_PWR2,-9.11249e-06,-9.27689e-06,0.00106092
8271.89,7675.99,SIG_PWR1,GND1,6.60812e-05,6.57515e-05,0.00212791
8271.89,7675.99,GND1,GNS2,6.57515e-05,6.53443e-05,0.000343222
8271.89,7675.99,GNS2,SIG_PWR2,6.53443e-05,6.55656e-05,-0.00142802
8303.18,6458.99,SIG_PWR1,GND1,5.31173e-05,5.37424e-05,-0.00403421
8303.18,6458.99,GND1,GNS2,5.37424e-05,5.45558e-05,-0.000685583
8303.18,6458.99,GNS2,SIG_PWR2,5.45558e-05,5.46463e-05,-0.00058447
8311.18,4134.82,SIG_PWR1,GND1,-1.37213e-05,-1.33703e-05,-0.00226504
8311.18,4134.82,GND1,GNS2,-1.33703e-05,-1.00776e-05,-0.00277555
8311.18,4134.82,GNS2,SIG_PWR2,-1.00776e-05,-1.00402e-05,-0.000241216
8334.18,6162.82,SIG_PWR1,GND1,15.9999,15.9999,-0
8334.18,6162.82,GND1,GNS2,15.9999,15.9999,1.49736e-12
8334.18,6162.82,GNS2,SIG_PWR2,15.9999,15.9999,-1.14637e-11
8367.18,5543.82,SIG_PWR1,GND1,10.3969,10.3969,-1.14637e-11
8367.18,5543.82,GND1,GNS2,10.3969,10.3969,-8.98414e-12
8367.18,5543.82,GNS2,SIG_PWR2,10.3969,10.3969,-1.14637e-11
8372.18,3903.82,SIG_PWR1,GND1,-1.48072e-05,-1.50041e-05,0.00127057
8372.18,3903.82,GND1,GNS2,-1.50041e-05,-1.37084e-05,-0.00109216
8372.18,3903.82,GNS2,SIG_PWR2,-1.37084e-05,-1.40881e-05,0.00245032
8410.18,4485.82,SIG_PWR1,GND1,-7.86588e-06,-7.73629e-06,-0.000836343
8410.18,4485.82,GND1,GNS2,-7.73629e-06,-4.47519e-06,-0.00274889
8410.18,4485.82,GNS2,SIG_PWR2,-4.47519e-06,-3.97941e-06,-0.00319952
8419.53,4427.96,SIG_PWR1,GND1,-8.72502e-06,-8.57504e-06,-0.000967885
8419.53,4427.96,GND1,GNS2,-8.57504e-06,-5.21483e-06,-0.00283244
8419.53,4427.96,GNS2,SIG_PWR2,-5.21483e-06,-4.63526e-06,-0.00374026
8419.53,5018.51,SIG_PWR1,GND1,1.05842e-05,1.03908e-05,0.00124801
8419.53,5018.51,GND1,GNS2,1.03908e-05,9.84955e-06,0.000456234
8419.53,5018.51,GNS2,SIG_PWR2,9.84955e-06,9.66959e-06,0.00116134
8419.53,6199.61,SIG_PWR1,GND1,4.75661e-05,4.76449e-05,-0.000508895
8419.53,6199.61,GND1,GNS2,4.76449e-05,4.8208e-05,-0.000474619
8419.53,6199.61,GNS2,SIG_PWR2,4.8208e-05,4.87712e-05,-0.00363489
8546.18,6204.1,SIG_PWR1,GND1,4.56023e-05,4.4892e-05,0.00458416
8546.18,6204.1,GND1,GNS2,4.4892e-05,4.54303e-05,-0.000453732
8546.18,6204.1,GNS2,SIG_PWR2,4.54303e-05,4.67236e-05,-0.00834637
8548.18,5693.82,SIG_PWR1,GND1,-6.99998,-6.99998,2.86592e-11
8548.18,5693.82,GND1,GNS2,-6.99998,-6.99998,3.29418e-11
8548.18,5693.82,GNS2,SIG_PWR2,-6.99998,-6.99998,3.43911e-11
8554.18,3530.82,SIG_PWR1,GND1,3.29181,3.29181,0.000329204
8554.18,3530.82,GND1,GNS2,3.29181,3.29181,0.000329204
8554.18,3530.82,GNS2,SIG_PWR2,3.29181,3.29181,0.000329204
8555.18,3831.82,SIG_PWR1,GND1,3.29181,3.29181,-0.000329204
8555.18,3831.82,GND1,GNS2,3.29181,3.29181,-0.000329204
8555.18,3831.82,GNS2,SIG_PWR2,3.29181,3.29181,-0.000329204
8567.17,4132.68,SIG_PWR1,GND1,-1.6588e-05,-1.69782e-05,0.00251816
8567.17,4132.68,GND1,GNS2,-1.69782e-05,-1.5372e-05,-0.00135393
8567.17,4132.68,GNS2,SIG_PWR2,-1.5372e-05,-1.46643e-05,-0.00456719
8567.17,4723.23,SIG_PWR1,GND1,-3.13996e-06,-3.07869e-06,-0.000395436
8567.17,4723.23,GND1,GNS2,-3.07869e-06,-9.41104e-07,-0.00180185
8567.17,4723.23,GNS2,SIG_PWR2,-9.41104e-07,-1.69291e-07,-0.00498089
8567.17,7675.99,SIG_PWR1,GND1,6.07054e-05,6.01643e-05,0.00349207
8567.17,7675.99,GND1,GNS2,6.01643e-05,5.94851e-05,0.000572543
8567.17,7675.99,GNS2,SIG_PWR2,5.94851e-05,5.96994e-05,-0.0013833
8594.18,3907.82,SIG_PWR1,GND1,-2.16768e-05,-2.22133e-05,0.00346226
8594.18,3907.82,GND1,GNS2,-2.22133e-05,-2.28677e-05,0.000551649
8594.18,3907.82,GNS2,SIG_PWR2,-2.28677e-05,-2.32126e-05,0.00222586
8639.18,3367.82,SIG_PWR1,GND1,-3.54413e-05,-3.39999e-05,-0.00930188
8639.18,3367.82,GND1,GNS2,-3.39999e-05,-3.06584e-05,-0.00281665
8639.18,3367.82,GNS2,SIG_PWR2,-3.06584e-05,-3.08287e-05,0.00109915
8655.18,5697.82,SIG_PWR1,GND1,3.29997,3.29997,0.00170072
8655.18,5697.82,GND1,GNS2,3.29997,3.29997,0.00170072
8655.18,5697.82,GNS2,SIG_PWR2,3.29997,3.29997,0.00170072
8683.87,4363.13,SIG_PWR1,GND1,-3.39541e-05,-3.3903e-05,-0.000329927
8683.87,4363.13,GND1,GNS2,-3.3903e-05,-3.35116e-05,-0.000329927
8683.87,4363.13,GNS2,SIG_PWR2,-3.35116e-05,-3.34605e-05,-0.000329927
8705.18,3909.82,SIG_PWR1,GND1,-2.55316e-05,-2.62955e-05,0.00492947
8705.18,3909.82,GND1,GNS2,-2.62955e-05,-2.78059e-05,0.00127323
8705.18,3909.82,GNS2,SIG_PWR2,-2.78059e-05,-2.81277e-05,0.00207652
8717.18,3530.82,SIG_PWR1,GND1,-3.8202e-05,-3.65939e-05,-0.010378
8717.18,3530.82,GND1,GNS2,-3.65939e-05,-3.33169e-05,-0.0027623
8717.18,3530.82,GNS2,SIG_PWR2,-3.33169e-05,-3.33434e-05,0.000171166
8717.18,3836.82,SIG_PWR1,GND1,-1.75616e-05,-1.80716e-05,0.00329124
8717.18,3836.82,GND1,GNS2,-1.80716e-05,-2.19761e-05,0.00329124
8717.18,3836.82,GNS2,SIG_PWR2,-2.19761e-05,-2.24861e-05,0.00329124
8718.18,5697.82,SIG_PWR1,GND1,3.29997,3.29997,0.00163946
8718.18,5697.82,GND1,GNS2,3.29997,3.29997,0.00163946
8718.18,5697.82,GNS2,SIG_PWR2,3.29997,3.29997,0.00163946
8718.18,5743.82,SIG_PWR1,GND1,3.29997,3.29997,0.00148973
8718.18,5743.82,GND1,GNS2,3.29997,3.29997,0.00148973
8718.18,5743.82,GNS2,SIG_PWR2,3.29997,3.29997,0.00148973
8718.18,5789.82,SIG_PWR1,GND1,3.29997,3.29997,0.0015879
8718.18,5789.82,GND1,GNS2,3.29997,3.29997,0.0015879
8718.18,5789.82,GNS2,SIG_PWR2,3.29997,3.29997,0.0015879
8742.18,4134.82,SIG_PWR1,GND1,8.79454,8.79455,-0.0413531
8742.18,4134.82,GND1,GNS2,8.79455,8.7946,-0.0413531
8742.18,4134.82,GNS2,SIG_PWR2,8.7946,8.7946,-0.0413531
8742.18,4175.82,SIG_PWR1,GND1,8.79452,8.79452,-0.0425706
8742.18,4175.82,GND1,GNS2,8.79452,8.79458,-0.0425706
8742.18,4175.82,GNS2,SIG_PWR2,8.79458,8.79458,-0.0425706
8779.18,4134.82,SIG_PWR1,GND1,8.79454,8.79455,-0.045199
8779.18,4134.82,GND1,GNS2,8.79455,8.7946,-0.045199
8779.18,4134.82,GNS2,SIG_PWR2,8.7946,8.79461,-0.045199
8779.18,4175.82,SIG_PWR1,GND1,8.79452,8.79453,-0.0447801
8779.18,4175.82,GND1,GNS2,8.79453,8.79458,-0.0447801
8779.18,4175.82,GNS2,SIG_PWR2,8.79458,8.79458,-0.0447801
8780.18,5696.82,SIG_PWR1,GND1,3.29997,3.29997,0.00144957
8780.18,5696.82,GND1,GNS2,3.29997,3.29997,0.00144957
8780.18,5696.82,GNS2,SIG_PWR2,3.29997,3.29997,0.00144957
8780.18,5743.82,SIG_PWR1,GND1,3.29997,3.29997,0.00123049
8780.18,5743.82,GND1,GNS2,3.29997,3.29997,0.00123049
8780.18,5743.82,GNS2,SIG_PWR2,3.29997,3.29997,0.00123049
8781.18,5789.82,SIG_PWR1,GND1,3.29997,3.29997,0.00123217
8781.18,5789.82,GND1,GNS2,3.29997,3.29997,0.00123217
8781.18,5789.82,GNS2,SIG_PWR2,3.29997,3.29997,0.00123217
8801.18,3363.82,SIG_PWR1,GND1,-4.0935e-05,-4.04002e-05,-0.00345124
8801.18,3363.82,GND1,GNS2,-4.04002e-05,-3.82889e-05,-0.00177968
8801.18,3363.82,GNS2,SIG_PWR2,-3.82889e-05,-3.82587e-05,-0.000195136
8816.18,3911.82,SIG_PWR1,GND1,-2.88202e-05,-2.97024e-05,0.00569334
8816.18,3911.82,GND1,GNS2,-2.97024e-05,-3.14422e-05,0.00146655
8816.18,3911.82,GNS2,SIG_PWR2,-3.14422e-05,-3.18913e-05,0.00289812
8833.18,5636.82,SIG_PWR1,GND1,16,16,0.001
8833.18,5636.82,GND1,GNS2,16,16,0.001
8833.18,5636.82,GNS2,SIG_PWR2,16,16,0.001
8848.18,4262.82,SIG_PWR1,GND1,10.3987,10.3987,0.0633589
8848.18,4262.82,GND1,GNS2,10.3987,10.3986,0.0633589
8848.18,4262.82,GNS2,SIG_PWR2,10.3986,10.3986,0.0633589
8848.18,4302.82,SIG_PWR1,GND1,10.3987,10.3987,0.0653619
8848.18,4302.82,GND1,GNS2,10.3987,10.3986,0.0653619
8848.18,4302.82,GNS2,SIG_PWR2,10.3986,10.3986,0.0653619
8862.44,4132.68,SIG_PWR1,GND1,-3.26779e-05,-3.1523e-05,-0.00745318
8862.44,4132.68,GND1,GNS2,-3.1523e-05,-3.01743e-05,-0.00113686
8862.44,4132.68,GNS2,SIG_PWR2,-3.01743e-05,-3.07188e-05,0.00351357
8862.44,7820.63,SIG_PWR1,GND1,5.48202e-05,5.44286e-05,0.00252753
8862.44,7820.63,GND1,GNS2,5.44286e-05,5.38527e-05,0.000485409
8862.44,7820.63,GNS2,SIG_PWR2,5.38527e-05,5.39498e-05,-0.000626147
8879.18,3526.82,SIG_PWR1,GND1,-4.38771e-05,-4.31436e-05,-0.00473396
8879.18,3526.82,GND1,GNS2,-4.31436e-05,-4.11877e-05,-0.00164872
8879.18,3526.82,GNS2,SIG_PWR2,-4.11877e-05,-4.11325e-05,-0.000356001
8881.18,3839.82,SIG_PWR1,GND1,-3.91112e-05,-3.91622e-05,0.000329058
8881.18,3839.82,GND1,GNS2,-3.91622e-05,-3.95525e-05,0.000329058
8881.18,3839.82,GNS2,SIG_PWR2,-3.95525e-05,-3.96035e-05,0.000329058
8889.18,4262.82,SIG_PWR1,GND1,10.3987,10.3987,0.0481646
8889.18,4262.82,GND1,GNS2,10.3987,10.3986,0.0481646
8889.18,4262.82,GNS2,SIG_PWR2,10.3986,10.3986,0.0481646
8889.18,4302.82,SIG_PWR1,GND1,10.3987,10.3987,0.0436835
8889.18,4302.82,GND1,GNS2,10.3987,10.3986,0.0436835
8889.18,4302.82,GNS2,SIG_PWR2,10.3986,10.3986,0.0436835
8915.18,3996.82,SIG_PWR1,GND1,8.79518,8.79518,2.29274e-11
8915.18,3996.82,GND1,GNS2,8.79518,8.79518,1.19789e-11
8915.18,3996.82,GNS2,SIG_PWR2,8.79518,8.79518,-0
8937.9,5534.82,SIG_PWR1,GND1,1.3943e-05,1.48365e-05,-0.00576602
8937.9,5534.82,GND1,GNS2,1.48365e-05,1.40827e-05,0.000635369
8937.9,5534.82,GNS2,SIG_PWR2,1.40827e-05,1.32815e-05,0.00517086
8950.36,4607.82,SIG_PWR1,GND1,-8.6048e-06,-8.60581e-06,6.52447e-06
8950.36,4607.82,GND1,GNS2,-8.60581e-06,-8.61356e-06,6.52447e-06
8950.36,4607.82,GNS2,SIG_PWR2,-8.61356e-06,-8.61457e-06,6.52447e-06
8963.18,4117.82,SIG_PWR1,GND1,-3.42436e-05,-3.36737e-05,-0.00367791
8963.18,4117.82,GND1,GNS2,-3.36737e-05,-3.22668e-05,-0.00118593
8963.18,4117.82,GNS2,SIG_PWR2,-3.22668e-05,-3.22578e-05,-5.82407e-05
8965.18,3359.82,SIG_PWR1,GND1,-4.73156e-05,-4.71764e-05,-0.000897908
8965.18,3359.82,GND1,GNS2,-4.71764e-05,-4.61363e-05,-0.000876755
8965.18,3359.82,GNS2,SIG_PWR2,-4.61363e-05,-4.6075e-05,-0.000395611
9042.18,3837.82,SIG_PWR1,GND1,-4.71911e-05,-4.72421e-05,0.000329329
9042.18,3837.82,GND1,GNS2,-4.72421e-05,-4.76328e-05,0.000329329
9042.18,3837.82,GNS2,SIG_PWR2,-4.76328e-05,-4.76838e-05,0.000329329
9043.18,3522.82,SIG_PWR1,GND1,-5.02694e-05,-4.99756e-05,-0.00189597
9043.18,3522.82,GND1,GNS2,-4.99756e-05,-4.91911e-05,-0.000661261
9043.18,3522.82,GNS2,SIG_PWR2,-4.91911e-05,-4.91411e-05,-0.000323102
9074.18,4119.82,SIG_PWR1,GND1,-3.89867e-05,-3.81273e-05,-0.00554607
9074.18,4119.82,GND1,GNS2,-3.81273e-05,-3.59334e-05,-0.00184932
9074.18,4119.82,GNS2,SIG_PWR2,-3.59334e-05,-3.54695e-05,-0.00299369
9074.18,4733.82,SIG_PWR1,GND1,8.79337,8.79336,0.0432112
9074.18,4733.82,GND1,GNS2,8.79336,8.79331,0.0432112
9074.18,4733.82,GNS2,SIG_PWR2,8.79331,8.7933,0.0432112
9074.18,4855.82,SIG_PWR1,GND1,8.79297,8.79297,-0.0432112
9074.18,4855.82,GND1,GNS2,8.79297,8.79303,-0.0432112
9074.18,4855.82,GNS2,SIG_PWR2,8.79303,8.79303,-0.0432112
9102.18,4429.82,SIG_PWR1,GND1,-2.1581e-05,-2.20991e-05,0.00334361
9102.18,4429.82,GND1,GNS2,-2.20991e-05,-2.27252e-05,0.000527701
9102.18,4429.82,GNS2,SIG_PWR2,-2.27252e-05,-2.21307e-05,-0.00383646
9133.18,3359.82,SIG_PWR1,GND1,-5.5355e-05,-5.51307e-05,-0.00144751
9133.18,3359.82,GND1,GNS2,-5.51307e-05,-5.46199e-05,-0.000430568
9133.18,3359.82,GNS2,SIG_PWR2,-5.46199e-05,-5.44459e-05,-0.00112288
9157.72,3542.13,SIG_PWR1,GND1,-5.52276e-05,-5.51958e-05,-0.000204977
9157.72,3542.13,GND1,GNS2,-5.51958e-05,-5.53112e-05,9.72364e-05
9157.72,3542.13,GNS2,SIG_PWR2,-5.53112e-05,-5.52836e-05,-0.000178099
9157.72,5313.78,SIG_PWR1,GND1,7.7433e-06,7.003e-06,0.00477755
9157.72,5313.78,GND1,GNS2,7.003e-06,5.58784e-06,0.00119289
9157.72,5313.78,GNS2,SIG_PWR2,5.58784e-06,5.77589e-06,-0.00121358
9157.72,7820.63,SIG_PWR1,GND1,5.00463e-05,4.97514e-05,0.00190282
9157.72,7820.63,GND1,GNS2,4.97514e-05,4.94003e-05,0.000295974
9157.72,7820.63,GNS2,SIG_PWR2,4.94003e-05,4.94548e-05,-0.00035158
9160.18,7605.82,SIG_PWR1,GND1,4.77632e-05,4.79435e-05,-0.00116326
9160.18,7605.82,GND1,GNS2,4.79435e-05,4.85927e-05,-0.000547244
9160.18,7605.82,GNS2,SIG_PWR2,4.85927e-05,4.87802e-05,-0.00120986
9162.18,7407.82,SIG_PWR1,GND1,4.62906e-05,4.64685e-05,-0.00114751
9162.18,7407.82,GND1,GNS2,4.64685e-05,4.74994e-05,-0.000869004
9162.18,7407.82,GNS2,SIG_PWR2,4.74994e-05,4.78809e-05,-0.00246244
9164.18,7209.82,SIG_PWR1,GND1,4.4246e-05,4.44389e-05,-0.00124499
9164.18,7209.82,GND1,GNS2,4.44389e-05,4.55573e-05,-0.000942779
9164.18,7209.82,GNS2,SIG_PWR2,4.55573e-05,4.61267e-05,-0.00367428
9166.18,7011.82,SIG_PWR1,GND1,4.14173e-05,4.15983e-05,-0.00116801
9166.18,7011.82,GND1,GNS2,4.15983e-05,4.0758e-05,0.000708357
9166.18,7011.82,GNS2,SIG_PWR2,4.0758e-05,3.99651e-05,0.00511707
9170.18,6615.82,SIG_PWR1,GND1,3.57841e-05,3.59555e-05,-0.00110639
9170.18,6615.82,GND1,GNS2,3.59555e-05,3.51935e-05,0.000642355
9170.18,6615.82,GNS2,SIG_PWR2,3.51935e-05,3.45984e-05,0.00384032
9186.18,4119.82,SIG_PWR1,GND1,-4.37814e-05,-4.28133e-05,-0.00624798
9186.18,4119.82,GND1,GNS2,-4.28133e-05,-4.07404e-05,-0.00174727
9186.18,4119.82,GNS2,SIG_PWR2,-4.07404e-05,-4.02007e-05,-0.00348286
9196.18,3909.82,SIG_PWR1,GND1,-5.00051e-05,-4.97653e-05,-0.00154789
9196.18,3909.82,GND1,GNS2,-4.97653e-05,-5.04967e-05,0.00061656
9196.18,3909.82,GNS2,SIG_PWR2,-5.04967e-05,-5.09659e-05,0.00302738
9206.2,4958.82,SIG_PWR1,GND1,-5.77664e-06,-5.60867e-06,-0.00108399
9206.2,4958.82,GND1,GNS2,-5.60867e-06,-7.95935e-06,0.00198148
9206.2,4958.82,GNS2,SIG_PWR2,-7.95935e-06,-8.98851e-06,0.00664162
9211.18,3522.82,SIG_PWR1,GND1,-5.83432e-05,-5.80481e-05,-0.00190435
9211.18,3522.82,GND1,GNS2,-5.80481e-05,-5.79508e-05,-8.19908e-05
9211.18,3522.82,GNS2,SIG_PWR2,-5.79508e-05,-5.76916e-05,-0.00167277
9211.18,3845.82,SIG_PWR1,GND1,-5.56252e-05,-5.56763e-05,0.000329927
9211.18,3845.82,GND1,GNS2,-5.56763e-05,-5.60677e-05,0.000329927
9211.18,3845.82,GNS2,SIG_PWR2,-5.60677e-05,-5.61188e-05,0.000329927
9211.81,4563.08,SIG_PWR1,GND1,-1.60692e-05,-1.70526e-05,0.00634581
9211.81,4563.08,GND1,GNS2,-1.70526e-05,-2.00233e-05,0.00250416
9211.81,4563.08,GNS2,SIG_PWR2,-2.00233e-05,-1.99765e-05,-0.000302132
9212.63,4637.22,SIG_PWR1,GND1,-1.28778e-05,-1.3514e-05,0.00410556
9212.63,4637.22,GND1,GNS2,-1.3514e-05,-1.75006e-05,0.00336045
9212.63,4637.22,GNS2,SIG_PWR2,-1.75006e-05,-1.80498e-05,0.00354448
9214.25,4785.5,SIG_PWR1,GND1,-7.43707e-06,-8.37965e-06,0.00608291
9214.25,4785.5,GND1,GNS2,-8.37965e-06,-1.22807e-05,0.00328833
9214.25,4785.5,GNS2,SIG_PWR2,-1.22807e-05,-1.21718e-05,-0.000702656
9215.06,4859.64,SIG_PWR1,GND1,-7.97982e-06,-8.165e-06,0.00119505
9215.06,4859.64,GND1,GNS2,-8.165e-06,-1.06156e-05,0.00206568
9215.06,4859.64,GNS2,SIG_PWR2,-1.06156e-05,-1.08614e-05,0.00158619
9270.18,4170.82,SIG_PWR1,GND1,10.3998,10.3998,5.73184e-11
9270.18,4170.82,GND1,GNS2,10.3998,10.3998,6.13916e-11
9270.18,4170.82,GNS2,SIG_PWR2,10.3998,10.3998,4.58548e-11
9285.95,4562.27,SIG_PWR1,GND1,-1.65317e-05,-1.8195e-05,0.0107343
9285.95,4562.27,GND1,GNS2,-1.8195e-05,-2.13582e-05,0.00266635
9285.95,4562.27,GNS2,SIG_PWR2,-2.13582e-05,-2.05346e-05,-0.00531486
9286.76,4636.41,SIG_PWR1,GND1,-1.2917e-05,-1.40211e-05,0.00712517
9286.76,4636.41,GND1,GNS2,-1.40211e-05,-1.85432e-05,0.0038118
9286.76,4636.41,GNS2,SIG_PWR2,-1.85432e-05,-1.84294e-05,-0.000733929
9287.58,4710.55,SIG_PWR1,GND1,0,-5.78103e-06,0.0373078
9287.58,4710.55,GND1,GNS2,-5.78103e-06,-1.57606e-05,0.00841216
9287.58,4710.55,GNS2,SIG_PWR2,-1.57606e-05,-1.63741e-05,0.00395903
9289.18,3359.82,SIG_PWR1,GND1,-6.3165e-05,-6.32918e-05,0.000818854
9289.18,3359.82,GND1,GNS2,-6.32918e-05,-6.40237e-05,0.000616925
9289.18,3359.82,GNS2,SIG_PWR2,-6.40237e-05,-6.33638e-05,-0.00425872
9289.2,4858.82,SIG_PWR1,GND1,-8.19463e-06,-8.74746e-06,0.0035677
9289.2,4858.82,GND1,GNS2,-8.74746e-06,-1.12167e-05,0.00208136
9289.2,4858.82,GNS2,SIG_PWR2,-1.12167e-05,-1.10726e-05,-0.000929785
9305.36,3837.41,SIG_PWR1,GND1,-5.78824e-05,-5.78946e-05,7.85009e-05
9305.36,3837.41,GND1,GNS2,-5.78946e-05,-5.93368e-05,0.00121571
9305.36,3837.41,GNS2,SIG_PWR2,-5.93368e-05,-5.90825e-05,-0.0016411
9305.36,6199.61,SIG_PWR1,GND1,2.30886e-05,2.40154e-05,-0.00598087
9305.36,6199.61,GND1,GNS2,2.40154e-05,2.46937e-05,-0.000571737
9305.36,6199.61,GNS2,SIG_PWR2,2.46937e-05,2.42687e-05,0.00274273
9305.36,6790.16,SIG_PWR1,GND1,3.57071e-05,3.58655e-05,-0.00102158
9305.36,6790.16,GND1,GNS2,3.58655e-05,3.54435e-05,0.00035566
9305.36,6790.16,GNS2,SIG_PWR2,3.54435e-05,3.51413e-05,0.0019503
9375.18,4940.82,SIG_PWR1,GND1,-8.85373e-06,-8.85272e-06,-6.52447e-06
9375.18,4940.82,GND1,GNS2,-8.85272e-06,-8.84498e-06,-6.52447e-06
9375.18,4940.82,GNS2,SIG_PWR2,-8.84498e-06,-8.84397e-06,-6.52447e-06
9376.18,5007.82,SIG_PWR1,GND1,-7.00001,-7.00001,-0.001
9376.18,5007.82,GND1,GNS2,-7.00001,-7.00001,-0.001
9376.18,5007.82,GNS2,SIG_PWR2,-7.00001,-7,-0.001
9378.18,5188.82,SIG_PWR1,GND1,-3.02529e-06,-3.02529e-06,1.63989e-17
9378.18,5188.82,GND1,GNS2,-3.02529e-06,-2.95213e-06,-6.16724e-05
9378.18,5188.82,GNS2,SIG_PWR2,-2.95213e-06,-2.54682e-06,-0.00261568
9449.18,4827.82,SIG_PWR1,GND1,8.79595,8.79595,-0.0449806
9449.18,4827.82,GND1,GNS2,8.79595,8.79601,-0.0449806
9449.18,4827.82,GNS2,SIG_PWR2,8.79601,8.79601,-0.0449806
9451.18,4718.82,SIG_PWR1,GND1,8.79634,8.79634,0.0449806
9451.18,4718.82,GND1,GNS2,8.79634,8.79628,0.0449806
9451.18,4718.82,GNS2,SIG_PWR2,8.79628,8.79628,0.0449806
9453,3542.13,SIG_PWR1,GND1,-7.13644e-05,-7.22128e-05,0.00547533
9453,3542.13,GND1,GNS2,-7.22128e-05,-7.49719e-05,0.00232577
9453,3542.13,GNS2,SIG_PWR2,-7.49719e-05,-7.32295e-05,-0.0112447
9453,4132.68,SIG_PWR1,GND1,-5.51784e-05,-5.46457e-05,-0.00343837
9453,4132.68,GND1,GNS2,-5.46457e-05,-5.34594e-05,-0.00099991
9453,4132.68,GNS2,SIG_PWR2,-5.34594e-05,-5.23424e-05,-0.00720871
9453,5904.34,SIG_PWR1,GND1,1.73304e-05,1.69496e-05,0.00245741
9453,5904.34,GND1,GNS2,1.69496e-05,1.69657e-05,-1.35618e-05
9453,5904.34,GNS2,SIG_PWR2,1.69657e-05,1.72852e-05,-0.00206215
9453,7820.63,SIG_PWR1,GND1,4.57492e-05,4.55069e-05,0.00156327
9453,7820.63,GND1,GNS2,4.55069e-05,4.53001e-05,0.000174391
9453,7820.63,GNS2,SIG_PWR2,4.53001e-05,4.53634e-05,-0.000409062
9455,3428.13,SIG_PWR1,GND1,-7.24668e-05,-7.36996e-05,0.00795571
9455,3428.13,GND1,GNS2,-7.36996e-05,-7.70599e-05,0.00283258
9455,3428.13,GNS2,SIG_PWR2,-7.70599e-05,-7.46883e-05,-0.0153054
9456.45,7506.82,SIG_PWR1,GND1,4.33648e-05,4.34521e-05,-0.000563154
9456.45,7506.82,GND1,GNS2,4.34521e-05,4.41181e-05,-0.000561389
9456.45,7506.82,GNS2,SIG_PWR2,4.41181e-05,4.43338e-05,-0.00139207
9458.45,7308.82,SIG_PWR1,GND1,4.16726e-05,4.17536e-05,-0.000522816
9458.45,7308.82,GND1,GNS2,4.17536e-05,4.2714e-05,-0.000809565
9458.45,7308.82,GNS2,SIG_PWR2,4.2714e-05,4.31916e-05,-0.00308204
9460.45,7110.82,SIG_PWR1,GND1,3.84968e-05,3.85649e-05,-0.000439294
9460.45,7110.82,GND1,GNS2,3.85649e-05,3.79805e-05,0.000492643
9460.45,7110.82,GNS2,SIG_PWR2,3.79805e-05,3.74722e-05,0.00328028
9462.45,6912.82,SIG_PWR1,GND1,3.57068e-05,3.57823e-05,-0.000487047
9462.45,6912.82,GND1,GNS2,3.57823e-05,3.54128e-05,0.00031151
9462.45,6912.82,GNS2,SIG_PWR2,3.54128e-05,3.52193e-05,0.00124843
9464.45,6714.82,SIG_PWR1,GND1,3.2659e-05,3.27324e-05,-0.000473755
9464.45,6714.82,GND1,GNS2,3.27324e-05,3.24761e-05,0.000216051
9464.45,6714.82,GNS2,SIG_PWR2,3.24761e-05,3.23539e-05,0.000788314
9466.9,6486.82,SIG_PWR1,GND1,2.85463e-05,2.8613e-05,-0.000430718
9466.9,6486.82,GND1,GNS2,2.8613e-05,2.85384e-05,6.29241e-05
9466.9,6486.82,GNS2,SIG_PWR2,2.85384e-05,2.84492e-05,0.000575614
9467.18,6293.82,SIG_PWR1,GND1,2.45075e-05,2.45869e-05,-0.000512338
9467.18,6293.82,GND1,GNS2,2.45869e-05,2.47927e-05,-0.000173465
9467.18,6293.82,GNS2,SIG_PWR2,2.47927e-05,2.47806e-05,7.78749e-05
9477.18,4168.82,SIG_PWR1,GND1,-5.44682e-05,-5.34373e-05,-0.00665288
9477.18,4168.82,GND1,GNS2,-5.34373e-05,-5.22001e-05,-0.00104291
9477.18,4168.82,GNS2,SIG_PWR2,-5.22001e-05,-5.19486e-05,-0.00162324
9525.18,3547.82,SIG_PWR1,GND1,-7.50127e-05,-7.55355e-05,0.003374
9525.18,3547.82,GND1,GNS2,-7.55355e-05,-8.00534e-05,0.00380827
9525.18,3547.82,GNS2,SIG_PWR2,-8.00534e-05,-7.89025e-05,-0.00742695
9585.9,6083.82,SIG_PWR1,GND1,1.81107e-05,1.85319e-05,-0.00271853
9585.9,6083.82,GND1,GNS2,1.85319e-05,1.92803e-05,-0.000630798
9585.9,6083.82,GNS2,SIG_PWR2,1.92803e-05,1.93155e-05,-0.000227362
9600.63,6199.61,SIG_PWR1,GND1,2.13442e-05,2.14567e-05,-0.000725943
9600.63,6199.61,GND1,GNS2,2.14567e-05,2.17479e-05,-0.000245497
9600.63,6199.61,GNS2,SIG_PWR2,2.17479e-05,2.17054e-05,0.000274078
9600.63,6790.16,SIG_PWR1,GND1,3.30205e-05,3.29595e-05,0.000393905
9600.63,6790.16,GND1,GNS2,3.29595e-05,3.25548e-05,0.000341096
9600.63,6790.16,GNS2,SIG_PWR2,3.25548e-05,3.24451e-05,0.000708001
9610.18,4820.82,SIG_PWR1,GND1,10.3998,10.3998,-0
9610.18,4820.82,GND1,GNS2,10.3998,10.3998,-0
9610.18,4820.82,GNS2,SIG_PWR2,10.3998,10.3998,-1.14637e-11
9632.18,5572.57,SIG_PWR1,GND1,2.43356e-06,3.2691e-06,-0.00539215
9632.18,5572.57,GND1,GNS2,3.2691e-06,4.5763e-06,-0.00110189
9632.18,5572.57,GNS2,SIG_PWR2,4.5763e-06,4.5763e-06,5.46631e-18
9675.18,3544.82,SIG_PWR1,GND1,-8.50945e-05,-8.82418e-05,0.0203115
9675.18,3544.82,GND1,GNS2,-8.82418e-05,-0.000111671,0.0197497
9675.18,3544.82,GNS2,SIG_PWR2,-0.000111671,-0.000117521,0.0377474
9677.18,4635.82,SIG_PWR1,GND1,8.79653,8.79654,-0.039394
9677.18,4635.82,GND1,GNS2,8.79654,8.79658,-0.039394
9677.18,4635.82,GNS2,SIG_PWR2,8.79658,8.79659,-0.039394
9677.18,4675.82,SIG_PWR1,GND1,8.79652,8.79653,-0.0346475
9677.18,4675.82,GND1,GNS2,8.79653,8.79657,-0.0346475
9677.18,4675.82,GNS2,SIG_PWR2,8.79657,8.79658,-0.0346475
9698.18,6420.82,SIG_PWR1,GND1,2.53483e-05,2.54114e-05,-0.000407524
9698.18,6420.82,GND1,GNS2,2.54114e-05,2.54484e-05,-3.12001e-05
9698.18,6420.82,GNS2,SIG_PWR2,2.54484e-05,2.54292e-05,0.000124364
9709.36,4635.82,SIG_PWR1,GND1,8.79654,8.79655,-0.0342176
9709.36,4635.82,GND1,GNS2,8.79655,8.79659,-0.0342176
9709.36,4635.82,GNS2,SIG_PWR2,8.79659,8.79659,-0.0342176
9709.36,4675.82,SIG_PWR1,GND1,8.79654,8.79654,-0.0274581
9709.36,4675.82,GND1,GNS2,8.79654,8.79657,-0.0274581
9709.36,4675.82,GNS2,SIG_PWR2,8.79657,8.79658,-0.0274581
9728.18,4803.82,SIG_PWR1,GND1,-3.11942e-05,-2.94942e-05,-0.0109713
9728.18,4803.82,GND1,GNS2,-2.94942e-05,-2.53366e-05,-0.00350456
9728.18,4803.82,GNS2,SIG_PWR2,-2.53366e-05,-2.3612e-05,-0.0111301
9748.27,3542.13,SIG_PWR1,GND1,-9.02074e-05,-9.48426e-05,0.0299129
9748.27,3542.13,GND1,GNS2,-9.48426e-05,-0.00012356,0.0242069
9748.27,3542.13,GNS2,SIG_PWR2,-0.00012356,-0.000129984,0.0414591
9748.27,5904.34,SIG_PWR1,GND1,1.41923e-05,1.3617e-05,0.00371231
9748.27,5904.34,GND1,GNS2,1.3617e-05,1.36114e-05,4.75011e-06
9748.27,5904.34,GNS2,SIG_PWR2,1.36114e-05,1.40234e-05,-0.0026591
9748.27,7820.63,SIG_PWR1,GND1,4.29119e-05,4.26954e-05,0.00139729
9748.27,7820.63,GND1,GNS2,4.26954e-05,4.26183e-05,6.49587e-05
9748.27,7820.63,GNS2,SIG_PWR2,4.26183e-05,4.27893e-05,-0.00110331
9750.73,7605.82,SIG_PWR1,GND1,4.17442e-05,4.16315e-05,0.000727003
9750.73,7605.82,GND1,GNS2,4.16315e-05,4.19438e-05,-0.000263228
9750.73,7605.82,GNS2,SIG_PWR2,4.19438e-05,4.22206e-05,-0.00178624
9752.73,7407.82,SIG_PWR1,GND1,4.03616e-05,4.02484e-05,0.00073085
9752.73,7407.82,GND1,GNS2,4.02484e-05,4.0842e-05,-0.000500401
9752.73,7407.82,GNS2,SIG_PWR2,4.0842e-05,4.12897e-05,-0.002889
9754.73,7209.82,SIG_PWR1,GND1,3.8334e-05,3.82123e-05,0.000785393
9754.73,7209.82,GND1,GNS2,3.82123e-05,3.88459e-05,-0.000534076
9754.73,7209.82,GNS2,SIG_PWR2,3.88459e-05,3.94532e-05,-0.00391898
9756.73,7011.82,SIG_PWR1,GND1,3.53789e-05,3.52645e-05,0.000738301
9756.73,7011.82,GND1,GNS2,3.52645e-05,3.44708e-05,0.000668992
9756.73,7011.82,GNS2,SIG_PWR2,3.44708e-05,3.40653e-05,0.00261682
9758.73,6813.82,SIG_PWR1,GND1,3.20557e-05,3.21189e-05,-0.000408473
9758.73,6813.82,GND1,GNS2,3.21189e-05,3.18969e-05,0.000187126
9758.73,6813.82,GNS2,SIG_PWR2,3.18969e-05,3.18336e-05,0.000408706
9760.73,6615.82,SIG_PWR1,GND1,2.91936e-05,2.90905e-05,0.000665251
9760.73,6615.82,GND1,GNS2,2.90905e-05,2.89236e-05,0.000140652
9760.73,6615.82,GNS2,SIG_PWR2,2.89236e-05,2.90006e-05,-0.000496849
9763.45,6194.82,SIG_PWR1,GND1,2.00816e-05,2.0102e-05,-0.000131969
9763.45,6194.82,GND1,GNS2,2.0102e-05,2.03415e-05,-0.00020184
9763.45,6194.82,GNS2,SIG_PWR2,2.03415e-05,2.03792e-05,-0.000243636
9881.18,5354.82,SIG_PWR1,GND1,-7.37724e-06,-7.22469e-06,-0.000984459
9881.18,5354.82,GND1,GNS2,-7.22469e-06,-6.80033e-06,-0.000357704
9881.18,5354.82,GNS2,SIG_PWR2,-6.80033e-06,-6.80033e-06,-5.46631e-18
9881.18,6083.82,SIG_PWR1,GND1,1.5341e-05,1.58003e-05,-0.00296401
9881.18,6083.82,GND1,GNS2,1.58003e-05,1.65894e-05,-0.000665134
9881.18,6083.82,GNS2,SIG_PWR2,1.65894e-05,1.66879e-05,-0.000635823
9895.91,6199.61,SIG_PWR1,GND1,1.91731e-05,1.90892e-05,0.000541853
9895.91,6199.61,GND1,GNS2,1.90892e-05,1.92467e-05,-0.000132798
9895.91,6199.61,GNS2,SIG_PWR2,1.92467e-05,1.93916e-05,-0.00093509
9895.91,6790.16,SIG_PWR1,GND1,3.08322e-05,3.07125e-05,0.00077263
9895.91,6790.16,GND1,GNS2,3.07125e-05,3.04557e-05,0.000216492
9895.91,6790.16,GNS2,SIG_PWR2,3.04557e-05,3.05561e-05,-0.00064795
9923.18,5786.82,SIG_PWR1,GND1,7.27268e-06,7.31513e-06,-0.000273892
9923.18,5786.82,GND1,GNS2,7.31513e-06,7.69359e-06,-0.000319021
9923.18,5786.82,GNS2,SIG_PWR2,7.69359e-06,7.82202e-06,-0.000828829
9925.18,5585.82,SIG_PWR1,GND1,7.80548e-07,8.37242e-07,-0.000365877
9925.18,5585.82,GND1,GNS2,8.37242e-07,1.85784e-06,-0.000860297
9925.18,5585.82,GNS2,SIG_PWR2,1.85784e-06,2.3276e-06,-0.00303159
9925.18,5687.82,SIG_PWR1,GND1,4.72559e-06,4.79079e-06,-0.000420766
9925.18,5687.82,GND1,GNS2,4.79079e-06,5.46154e-06,-0.000565405
9925.18,5687.82,GNS2,SIG_PWR2,5.46154e-06,5.70149e-06,-0.0015485
9969.18,7803.82,SIG_PWR1,GND1,3.29093,3.29093,-0
9969.18,7803.82,GND1,GNS2,3.29093,3.29093,-3.74339e-13
9969.18,7803.82,GNS2,SIG_PWR2,3.29093,3.29093,-2.86592e-12
9977.18,6101.82,SIG_PWR1,GND1,3.29093,3.29093,-8.59777e-12
9977.18,6101.82,GND1,GNS2,3.29093,3.29093,-1.08558e-11
9977.18,6101.82,GNS2,SIG_PWR2,3.29093,3.29093,-1.43296e-11
10032.2,7805.82,SIG_PWR1,GND1,3.29093,3.29093,-0
10032.2,7805.82,GND1,GNS2,3.29093,3.29093,-1.49736e-12
10032.2,7805.82,GNS2,SIG_PWR2,3.29093,3.29093,-2.86592e-12
10039.2,6102.82,SIG_PWR1,GND1,3.29093,3.29093,-1.43296e-11
10039.2,6102.82,GND1,GNS2,3.29093,3.29093,-1.49736e-11
10039.2,6102.82,GNS2,SIG_PWR2,3.29093,3.29093,-1.71955e-11
10049.2,3371.82,SIG_PWR1,GND1,-0.000152493,-0.000150907,-0.0102352
10049.2,3371.82,GND1,GNS2,-0.000150907,-0.000175397,0.0206436
10049.2,3371.82,GNS2,SIG_PWR2,-0.000175397,-0.000178575,0.0205057
10061.2,5896.82,SIG_PWR1,GND1,1.09259e-05,1.05157e-05,0.00264694
10061.2,5896.82,GND1,GNS2,1.05157e-05,9.62635e-06,0.000749702
10061.2,5896.82,GNS2,SIG_PWR2,9.62635e-06,9.44645e-06,0.00116096
10075.2,5488.82,SIG_PWR1,GND1,-4.59584e-06,-4.53997e-06,-0.000360546
10075.2,5488.82,GND1,GNS2,-4.53997e-06,-3.66259e-06,-0.000739573
10075.2,5488.82,GNS2,SIG_PWR2,-3.66259e-06,-3.25951e-06,-0.00260131
10091.9,3984.82,SIG_PWR1,GND1,-9.16196e-05,-9.2309e-05,0.00444898
10091.9,3984.82,GND1,GNS2,-9.2309e-05,-9.75224e-05,0.00439458
10091.9,3984.82,GNS2,SIG_PWR2,-9.75224e-05,-9.55025e-05,-0.0130356
10091.9,4085.82,SIG_PWR1,GND1,-8.34225e-05,-8.38752e-05,0.00292101
10091.9,4085.82,GND1,GNS2,-8.38752e-05,-8.82247e-05,0.0036664
10091.9,4085.82,GNS2,SIG_PWR2,-8.82247e-05,-8.77644e-05,-0.00297085
10091.9,4186.82,SIG_PWR1,GND1,-7.56966e-05,-7.58389e-05,0.000918152
10091.9,4186.82,GND1,GNS2,-7.58389e-05,-8.02677e-05,0.00373319
10091.9,4186.82,GNS2,SIG_PWR2,-8.02677e-05,-8.11384e-05,0.00561935
10091.9,4287.82,SIG_PWR1,GND1,-6.96737e-05,-6.99514e-05,0.00179213
10091.9,4287.82,GND1,GNS2,-6.99514e-05,-7.36927e-05,0.00315368
10091.9,4287.82,GNS2,SIG_PWR2,-7.36927e-05,-7.41342e-05,0.00284915
10091.9,4388.82,SIG_PWR1,GND1,-6.14296e-05,-6.16954e-05,0.0017155
10091.9,4388.82,GND1,GNS2,-6.16954e-05,-6.53375e-05,0.00306998
10091.9,4388.82,GNS2,SIG_PWR2,-6.53375e-05,-6.61601e-05,0.00530887
10091.9,4489.82,SIG_PWR1,GND1,-5.58095e-05,-5.62327e-05,0.00273153
10091.9,4489.82,GND1,GNS2,-5.62327e-05,-5.9194e-05,0.00249614
10091.9,4489.82,GNS2,SIG_PWR2,-5.9194e-05,-5.93822e-05,0.00121489
10091.9,4590.82,SIG_PWR1,GND1,-4.90149e-05,-4.92955e-05,0.00181082
10091.9,4590.82,GND1,GNS2,-4.92955e-05,-5.25982e-05,0.00278397
10091.9,4590.82,GNS2,SIG_PWR2,-5.25982e-05,-5.35374e-05,0.00606119
10091.9,4691.82,SIG_PWR1,GND1,-4.2479e-05,-4.26623e-05,0.00118298
10091.9,4691.82,GND1,GNS2,-4.26623e-05,-4.55292e-05,0.00241662
10091.9,4691.82,GNS2,SIG_PWR2,-4.55292e-05,-4.64813e-05,0.00614455
10092.2,4790.82,SIG_PWR1,GND1,-3.80497e-05,-3.8274e-05,0.0014478
10092.2,4790.82,GND1,GNS2,-3.8274e-05,-4.02624e-05,0.00167606
10092.2,4790.82,GNS2,SIG_PWR2,-4.02624e-05,-4.05405e-05,0.00179513
10092.2,4891.82,SIG_PWR1,GND1,-3.22853e-05,-3.23109e-05,0.000165295
10092.2,4891.82,GND1,GNS2,-3.23109e-05,-3.44088e-05,0.00176842
10092.2,4891.82,GNS2,SIG_PWR2,-3.44088e-05,-3.53949e-05,0.00636352
10096.2,7974.82,SIG_PWR1,GND1,3.96219e-05,3.95624e-05,0.000384375
10096.2,7974.82,GND1,GNS2,3.95624e-05,3.93123e-05,0.000210804
10096.2,7974.82,GNS2,SIG_PWR2,3.93123e-05,3.92952e-05,0.000110526
10128.2,5896.82,SIG_PWR1,GND1,1.02676e-05,9.95297e-06,0.00203055
10128.2,5896.82,GND1,GNS2,9.95297e-06,9.0712e-06,0.000743272
10128.2,5896.82,GNS2,SIG_PWR2,9.0712e-06,8.88444e-06,0.00120528
10129.2,7801.82,SIG_PWR1,GND1,3.96776e-05,3.95156e-05,0.00104577
10129.2,7801.82,GND1,GNS2,3.95156e-05,3.88591e-05,0.000553419
10129.2,7801.82,GNS2,SIG_PWR2,3.88591e-05,3.86897e-05,0.00109322
10132.2,4990.82,SIG_PWR1,GND1,-2.88339e-05,-2.88477e-05,8.91747e-05
10132.2,4990.82,GND1,GNS2,-2.88477e-05,-3.00235e-05,0.00099109
10132.2,4990.82,GNS2,SIG_PWR2,-3.00235e-05,-3.0354e-05,0.00213275
10147.8,3547.28,SIG_PWR1,GND1,-0.000172295,-0.000174983,0.0336358
10147.8,3547.28,GND1,GNS2,-0.000174983,-0.000264959,0.147093
10147.8,3547.28,GNS2,SIG_PWR2,-0.000264959,-0.000300442,0.444107
10148.8,3794.32,SIG_PWR1,GND1,8.99906,8.99906,-2.51022e-11
10148.8,3794.32,GND1,GNS2,8.99906,8.99906,-2.9509e-11
10148.8,3794.32,GNS2,SIG_PWR2,8.99906,8.99906,-2.51022e-11
10151.7,8137.26,SIG_PWR1,GND1,3.92827e-05,3.92779e-05,7.55547e-05
10151.7,8137.26,GND1,GNS2,3.92779e-05,3.92233e-05,0.000111196
10151.7,8137.26,GNS2,SIG_PWR2,3.92233e-05,3.92195e-05,6.03108e-05
10152.2,5088.82,SIG_PWR1,GND1,-2.35103e-05,-2.32681e-05,-0.00156336
10152.2,5088.82,GND1,GNS2,-2.32681e-05,-2.37001e-05,0.000364153
10152.2,5088.82,GNS2,SIG_PWR2,-2.37001e-05,-2.39982e-05,0.00192374
10157.2,5389.82,SIG_PWR1,GND1,-8.36098e-06,-8.31084e-06,-0.000323518
10157.2,5389.82,GND1,GNS2,-8.31084e-06,-7.77556e-06,-0.000451208
10157.2,5389.82,GNS2,SIG_PWR2,-7.77556e-06,-7.56483e-06,-0.00135993
10159.2,5288.82,SIG_PWR1,GND1,-1.37108e-05,-1.36579e-05,-0.000342012
10159.2,5288.82,GND1,GNS2,-1.36579e-05,-1.36306e-05,-2.29572e-05
10159.2,5288.82,GNS2,SIG_PWR2,-1.36306e-05,-1.36976e-05,0.000432283
10178.1,8073.62,SIG_PWR1,GND1,3.9305e-05,3.92899e-05,0.000236314
10178.1,8073.62,GND1,GNS2,3.92899e-05,3.92051e-05,0.000172708
10178.1,8073.62,GNS2,SIG_PWR2,3.92051e-05,3.91981e-05,0.000109894
10178.1,8200.9,SIG_PWR1,GND1,3.92388e-05,3.92361e-05,4.2748e-05
10178.1,8200.9,GND1,GNS2,3.92361e-05,3.9209e-05,5.52217e-05
10178.1,8200.9,GNS2,SIG_PWR2,3.9209e-05,3.92074e-05,2.48994e-05
10191.2,7971.27,SIG_PWR1,GND1,3.93819e-05,3.93632e-05,0.000120857
10191.2,7971.27,GND1,GNS2,3.93632e-05,3.91365e-05,0.000191123
10191.2,7971.27,GNS2,SIG_PWR2,3.91365e-05,3.90982e-05,0.000247214
10241.7,8047.26,SIG_PWR1,GND1,3.92484e-05,3.92447e-05,5.84508e-05
10241.7,8047.26,GND1,GNS2,3.92447e-05,3.91503e-05,0.000192382
10241.7,8047.26,GNS2,SIG_PWR2,3.91503e-05,3.91398e-05,0.000162837
10276.3,8102.74,SIG_PWR1,GND1,3.92199e-05,3.92189e-05,6.64551e-05
10276.3,8102.74,GND1,GNS2,3.92189e-05,3.92003e-05,0.000176378
10276.3,8102.74,GNS2,SIG_PWR2,3.92003e-05,3.91991e-05,8.3238e-05
10241.7,8227.26,SIG_PWR1,GND1,3.92186e-05,3.92178e-05,1.16036e-05
10241.7,8227.26,GND1,GNS2,3.92178e-05,3.91976e-05,4.11927e-05
10241.7,8227.26,GNS2,SIG_PWR2,3.91976e-05,3.91962e-05,2.23846e-05
10247.2,3373.27,SIG_PWR1,GND1,-0.000159061,-0.000159733,0.00433972
10247.2,3373.27,GND1,GNS2,-0.000159733,-0.000183964,0.0204252
10247.2,3373.27,GNS2,SIG_PWR2,-0.000183964,-0.000186149,0.0140979
10305.4,8073.62,SIG_PWR1,GND1,3.921e-05,3.92016e-05,0.000131045
10305.4,8073.62,GND1,GNS2,3.92016e-05,3.91204e-05,0.00016565
10305.4,8073.62,GNS2,SIG_PWR2,3.91204e-05,3.91111e-05,0.000144061
10305.4,8200.9,SIG_PWR1,GND1,3.92063e-05,3.92036e-05,4.08247e-05
10305.4,8200.9,GND1,GNS2,3.92036e-05,3.91721e-05,6.4255e-05
10305.4,8200.9,GNS2,SIG_PWR2,3.91721e-05,3.91691e-05,4.60979e-05
10331.7,8137.26,SIG_PWR1,GND1,3.91948e-05,3.91905e-05,6.60656e-05
10331.7,8137.26,GND1,GNS2,3.91905e-05,3.91382e-05,0.000106575
10331.7,8137.26,GNS2,SIG_PWR2,3.91382e-05,3.91358e-05,3.71418e-05
10358.2,3375.27,SIG_PWR1,GND1,-0.000159827,-0.000160802,0.00628985
10358.2,3375.27,GND1,GNS2,-0.000160802,-0.000181963,0.0178375
10358.2,3375.27,GNS2,SIG_PWR2,-0.000181963,-0.000183624,0.0107175
10358.2,3670.55,SIG_PWR1,GND1,-0.000145885,-0.000145613,-0.00175552
10358.2,3670.55,GND1,GNS2,-0.000145613,-0.000165021,0.0163595
10358.2,3670.55,GNS2,SIG_PWR2,-0.000165021,-0.000166124,0.00711811
10358.2,3965.82,SIG_PWR1,GND1,-0.000107297,-0.000106363,-0.00602827
10358.2,3965.82,GND1,GNS2,-0.000106363,-0.000112917,0.00552464
10358.2,3965.82,GNS2,SIG_PWR2,-0.000112917,-0.000113769,0.00549574
10358.2,4253.72,SIG_PWR1,GND1,-7.79632e-05,-7.79088e-05,-0.000351613
10358.2,4253.72,GND1,GNS2,-7.79088e-05,-8.05491e-05,0.00222561
10358.2,4253.72,GNS2,SIG_PWR2,-8.05491e-05,-8.05432e-05,-3.79625e-05
10358.2,4549,SIG_PWR1,GND1,-5.42759e-05,-5.4472e-05,0.00126511
10358.2,4549,GND1,GNS2,-5.4472e-05,-5.68159e-05,0.00197578
10358.2,4549,GNS2,SIG_PWR2,-5.68159e-05,-5.71099e-05,0.00189776
10358.2,4844.27,SIG_PWR1,GND1,-3.69535e-05,-3.67424e-05,-0.00136175
10358.2,4844.27,GND1,GNS2,-3.67424e-05,-3.77528e-05,0.000851701
10358.2,4844.27,GNS2,SIG_PWR2,-3.77528e-05,-3.8101e-05,0.00224676
10358.2,4945.27,SIG_PWR1,GND1,-3.1651e-05,-3.19138e-05,0.00169593
10358.2,4945.27,GND1,GNS2,-3.19138e-05,-3.26355e-05,0.000608403
10358.2,4945.27,GNS2,SIG_PWR2,-3.26355e-05,-3.24531e-05,-0.00117724
10358.2,5046.27,SIG_PWR1,GND1,-2.68964e-05,-2.66252e-05,-0.0017505
10358.2,5046.27,GND1,GNS2,-2.66252e-05,-2.71696e-05,0.000458863
10358.2,5046.27,GNS2,SIG_PWR2,-2.71696e-05,-2.75747e-05,0.00261495
10358.2,5139.55,SIG_PWR1,GND1,-2.20542e-05,-2.21287e-05,0.000480816
10358.2,5139.55,GND1,GNS2,-2.21287e-05,-2.2424e-05,0.000248882
10358.2,5139.55,GNS2,SIG_PWR2,-2.2424e-05,-2.23646e-05,-0.000383006
10358.2,5248.27,SIG_PWR1,GND1,-1.60802e-05,-1.62279e-05,0.000953321
10358.2,5248.27,GND1,GNS2,-1.62279e-05,-1.6509e-05,0.000236925
10358.2,5248.27,GNS2,SIG_PWR2,-1.6509e-05,-1.65321e-05,0.000149184
10358.2,5349.27,SIG_PWR1,GND1,-1.17812e-05,-1.14929e-05,-0.00186037
10358.2,5349.27,GND1,GNS2,-1.14929e-05,-1.11324e-05,-0.000303878
10358.2,5349.27,GNS2,SIG_PWR2,-1.11324e-05,-1.1115e-05,-0.000112304
10358.2,5450.27,SIG_PWR1,GND1,-7.32025e-06,-7.5602e-06,0.00154851
10358.2,5450.27,GND1,GNS2,-7.5602e-06,-7.7169e-06,0.000132085
10358.2,5450.27,GNS2,SIG_PWR2,-7.7169e-06,-7.71752e-06,4.00323e-06
10358.2,5551.27,SIG_PWR1,GND1,-3.60103e-06,-3.45088e-06,-0.000968989
10358.2,5551.27,GND1,GNS2,-3.45088e-06,-3.16109e-06,-0.000244275
10358.2,5551.27,GNS2,SIG_PWR2,-3.16109e-06,-3.13912e-06,-0.000141798
10358.2,5652.27,SIG_PWR1,GND1,9.17579e-07,9.45211e-07,-0.000178327
10358.2,5652.27,GND1,GNS2,9.45211e-07,1.00908e-06,-5.38354e-05
10358.2,5652.27,GNS2,SIG_PWR2,1.00908e-06,1.0064e-06,1.73051e-05
10364.2,5734.89,SIG_PWR1,GND1,3.65498e-06,3.66489e-06,-6.38955e-05
10364.2,5734.89,GND1,GNS2,3.66489e-06,3.56734e-06,8.22217e-05
10364.2,5734.89,GNS2,SIG_PWR2,3.56734e-06,3.52259e-06,0.000288822
10364.2,6030.17,SIG_PWR1,GND1,1.22534e-05,1.21604e-05,0.000599975
10364.2,6030.17,GND1,GNS2,1.21604e-05,1.16853e-05,0.000400478
10364.2,6030.17,GNS2,SIG_PWR2,1.16853e-05,1.16262e-05,0.000381766
10364.2,6325.45,SIG_PWR1,GND1,1.969e-05,1.96492e-05,0.000263695
10364.2,6325.45,GND1,GNS2,1.96492e-05,1.89255e-05,0.000609991
10364.2,6325.45,GNS2,SIG_PWR2,1.89255e-05,1.87023e-05,0.00144066
10364.2,6620.72,SIG_PWR1,GND1,2.61556e-05,2.60612e-05,0.000609009
10364.2,6620.72,GND1,GNS2,2.60612e-05,2.50368e-05,0.000863513
10364.2,6620.72,GNS2,SIG_PWR2,2.50368e-05,2.47373e-05,0.00193315
10364.2,6916,SIG_PWR1,GND1,3.09948e-05,3.08289e-05,0.00107057
10364.2,6916,GND1,GNS2,3.08289e-05,2.97424e-05,0.000915888
10364.2,6916,GNS2,SIG_PWR2,2.97424e-05,2.9496e-05,0.00158986
10364.2,7211.27,SIG_PWR1,GND1,3.48982e-05,3.47911e-05,0.000691449
10364.2,7211.27,GND1,GNS2,3.47911e-05,3.38032e-05,0.000832675
10364.2,7211.27,GNS2,SIG_PWR2,3.38032e-05,3.35348e-05,0.00173209
10364.2,7506.55,SIG_PWR1,GND1,3.77371e-05,3.76191e-05,0.000761899
10364.2,7506.55,GND1,GNS2,3.76191e-05,3.67446e-05,0.000737082
10364.2,7506.55,GNS2,SIG_PWR2,3.67446e-05,3.65177e-05,0.00146431
10364.2,7801.82,SIG_PWR1,GND1,3.89293e-05,3.88709e-05,0.000376885
10364.2,7801.82,GND1,GNS2,3.88709e-05,3.84054e-05,0.000392378
10364.2,7801.82,GNS2,SIG_PWR2,3.84054e-05,3.833e-05,0.000487115
10390.2,7975.82,SIG_PWR1,GND1,3.91698e-05,3.9147e-05,0.000147236
10390.2,7975.82,GND1,GNS2,3.9147e-05,3.89162e-05,0.000194581
10390.2,7975.82,GNS2,SIG_PWR2,3.89162e-05,3.88784e-05,0.000243379
