x;y;layer1;layer2;voltage1;voltage2;current
3978.18;4258.82;SIG_PWR1;GND1;0.000150824;0.000150816;4.73695e-05
3978.18;4258.82;GND1;GNS2;0.000150816;0.000150881;-5.43557e-05
3978.18;4258.82;GNS2;SIG_PWR2;0.000150881;0.000150883;-1.19262e-05
3978.18;4564.82;SIG_PWR1;GND1;0.000151442;0.000151425;0.000109959
3978.18;4564.82;GND1;GNS2;0.000151425;0.000151416;7.2368e-06
3978.18;4564.82;GNS2;SIG_PWR2;0.000151416;0.000151416;-7.614e-07
3978.18;4870.82;SIG_PWR1;GND1;0.000151952;0.00015194;7.86026e-05
3978.18;4870.82;GND1;GNS2;0.00015194;0.000151901;3.28834e-05
3978.18;4870.82;GNS2;SIG_PWR2;0.000151901;0.000151897;2.80634e-05
3978.18;5176.82;SIG_PWR1;GND1;0.00015228;0.000152276;2.35909e-05
3978.18;5176.82;GND1;GNS2;0.000152276;0.000152232;3.72984e-05
3978.18;5176.82;GNS2;SIG_PWR2;0.000152232;0.000152226;4.1271e-05
3978.18;5482.82;SIG_PWR1;GND1;0.000152379;0.000152386;-4.41424e-05
3978.18;5482.82;GND1;GNS2;0.000152386;0.000152341;3.77731e-05
3978.18;5482.82;GNS2;SIG_PWR2;0.000152341;0.000152334;4.64721e-05
3978.18;5788.82;SIG_PWR1;GND1;0.000152282;0.000152288;-4.03165e-05
3978.18;5788.82;GND1;GNS2;0.000152288;0.000152203;7.17383e-05
3978.18;5788.82;GNS2;SIG_PWR2;0.000152203;0.000152195;5.20984e-05
3978.18;6094.82;SIG_PWR1;GND1;0.00015186;0.000151877;-0.000106568
3978.18;6094.82;GND1;GNS2;0.000151877;0.000151739;0.000116072
3978.18;6094.82;GNS2;SIG_PWR2;0.000151739;0.000151727;7.54494e-05
3978.18;6400.82;SIG_PWR1;GND1;0.000151086;0.000151103;-0.000110382
3978.18;6400.82;GND1;GNS2;0.000151103;0.000150916;0.000157554
3978.18;6400.82;GNS2;SIG_PWR2;0.000150916;0.000150906;6.22947e-05
3979.18;3964.82;SIG_PWR1;GND1;0.000150222;0.00015023;-5.18764e-05
3979.18;3964.82;GND1;GNS2;0.00015023;0.000150454;-0.000188882
3979.18;3964.82;GNS2;SIG_PWR2;0.000150454;0.000150466;-7.68479e-05
3980.18;6699.82;SIG_PWR1;GND1;0.000149976;0.000149975;5.52271e-06
3980.18;6699.82;GND1;GNS2;0.000149975;0.000149742;0.000196457
3980.18;6699.82;GNS2;SIG_PWR2;0.000149742;0.000149746;-2.51115e-05
3991.67;7967.27;SIG_PWR1;GND1;0.000145465;0.000145469;-2.53375e-05
3991.67;7967.27;GND1;GNS2;0.000145469;0.000145454;1.25122e-05
3991.67;7967.27;GNS2;SIG_PWR2;0.000145454;0.000145449;3.36752e-05
4013.18;3787.82;SIG_PWR1;GND1;4.99819;4.99819;3.0952e-10
4013.18;3787.82;GND1;GNS2;4.99819;4.99819;3.04712e-10
4013.18;3787.82;GNS2;SIG_PWR2;4.99819;4.99819;3.03788e-10
4013.18;3835.82;SIG_PWR1;GND1;4.99819;4.99819;3.78302e-10
4013.18;3835.82;GND1;GNS2;4.99819;4.99819;3.78831e-10
4013.18;3835.82;GNS2;SIG_PWR2;4.99819;4.99819;3.78302e-10
4019.18;4099.82;SIG_PWR1;GND1;4.99819;4.99819;-6.87821e-11
4019.18;4099.82;GND1;GNS2;4.99819;4.99819;-7.26218e-11
4019.18;4099.82;GNS2;SIG_PWR2;4.99819;4.99819;-7.4514e-11
4019.18;4139.32;SIG_PWR1;GND1;4.99819;4.99819;1.14637e-11
4019.18;4139.32;GND1;GNS2;4.99819;4.99819;4.49207e-12
4019.18;4139.32;GNS2;SIG_PWR2;4.99819;4.99819;5.73185e-12
4019.18;4179.82;SIG_PWR1;GND1;4.99819;4.99819;8.02458e-11
4019.18;4179.82;GND1;GNS2;4.99819;4.99819;7.78625e-11
4019.18;4179.82;GNS2;SIG_PWR2;4.99819;4.99819;7.4514e-11
4051.74;8141.26;SIG_PWR1;GND1;0.000145382;0.000145382;-1.94619e-06
4051.74;8141.26;GND1;GNS2;0.000145382;0.000145377;1.18232e-05
4051.74;8141.26;GNS2;SIG_PWR2;0.000145377;0.000145375;2.30198e-05
4078.1;8077.62;SIG_PWR1;GND1;0.000145381;0.000145382;-1.36479e-05
4078.1;8077.62;GND1;GNS2;0.000145382;0.000145376;1.31769e-05
4078.1;8077.62;GNS2;SIG_PWR2;0.000145376;0.000145374;3.45323e-05
4078.1;8204.9;SIG_PWR1;GND1;0.000145367;0.000145367;1.49899e-06
4078.1;8204.9;GND1;GNS2;0.000145367;0.000145364;6.29232e-06
4078.1;8204.9;GNS2;SIG_PWR2;0.000145364;0.000145363;7.44567e-06
4076.18;3788.82;SIG_PWR1;GND1;4.99819;4.99819;6.70626e-10
4076.18;3788.82;GND1;GNS2;4.99819;4.99819;6.67821e-10
4076.18;3788.82;GNS2;SIG_PWR2;4.99819;4.99819;6.64894e-10
4077.18;3836.82;SIG_PWR1;GND1;4.99819;4.99819;7.4514e-10
4077.18;3836.82;GND1;GNS2;4.99819;4.99819;7.44186e-10
4077.18;3836.82;GNS2;SIG_PWR2;4.99819;4.99819;7.4514e-10
4141.74;8051.26;SIG_PWR1;GND1;0.000145355;0.000145358;-5.76352e-05
4141.74;8051.26;GND1;GNS2;0.000145358;0.000145354;8.12931e-06
4141.74;8051.26;GNS2;SIG_PWR2;0.000145354;0.000145352;3.32366e-05
4176.26;8106.74;SIG_PWR1;GND1;0.000145354;0.000145354;-5.86568e-07
4176.26;8106.74;GND1;GNS2;0.000145354;0.000145354;7.92493e-06
4176.26;8106.74;GNS2;SIG_PWR2;0.000145354;0.000145354;-6.17676e-06
4141.74;8231.26;SIG_PWR1;GND1;0.000145356;0.000145356;9.70858e-07
4141.74;8231.26;GND1;GNS2;0.000145356;0.000145354;3.49531e-06
4141.74;8231.26;GNS2;SIG_PWR2;0.000145354;0.000145354;-1.92358e-06
4138.03;3542.13;SIG_PWR1;GND1;0.000149518;0.00014959;-0.00046571
4138.03;3542.13;GND1;GNS2;0.00014959;0.000150256;-0.000561861
4138.03;3542.13;GNS2;SIG_PWR2;0.000150256;0.000150377;-0.00077722
4205.38;8077.62;SIG_PWR1;GND1;0.000145339;0.00014534;-1.75379e-05
4205.38;8077.62;GND1;GNS2;0.00014534;0.000145331;2.02186e-05
4205.38;8077.62;GNS2;SIG_PWR2;0.000145331;0.000145326;6.75724e-05
4205.38;8204.9;SIG_PWR1;GND1;0.000145349;0.000145349;1.77722e-06
4205.38;8204.9;GND1;GNS2;0.000145349;0.000145345;8.6595e-06
4205.38;8204.9;GNS2;SIG_PWR2;0.000145345;0.000145344;1.76512e-05
4200.18;3415.82;SIG_PWR1;GND1;0.000149467;0.000149529;-0.0004054
4200.18;3415.82;GND1;GNS2;0.000149529;0.00015027;-0.000623913
4200.18;3415.82;GNS2;SIG_PWR2;0.00015027;0.000150443;-0.00111724
4231.74;8141.26;SIG_PWR1;GND1;0.000145335;0.000145336;-1.1325e-05
4231.74;8141.26;GND1;GNS2;0.000145336;0.000145331;1.08266e-05
4231.74;8141.26;GNS2;SIG_PWR2;0.000145331;0.00014533;1.7288e-05
4255.18;7503.82;SIG_PWR1;GND1;0.00014622;0.000146206;9.06272e-05
4255.18;7503.82;GND1;GNS2;0.000146206;0.00014618;2.18765e-05
4255.18;7503.82;GNS2;SIG_PWR2;0.00014618;0.000146211;-0.000198369
4257.18;7404.82;SIG_PWR1;GND1;0.000146651;0.000146642;6.13155e-05
4257.18;7404.82;GND1;GNS2;0.000146642;0.000146557;7.15921e-05
4257.18;7404.82;GNS2;SIG_PWR2;0.000146557;0.000146557;-3.03548e-06
4259.18;7305.82;SIG_PWR1;GND1;0.000146992;0.000146982;6.83639e-05
4259.18;7305.82;GND1;GNS2;0.000146982;0.000146852;0.000109335
4259.18;7305.82;GNS2;SIG_PWR2;0.000146852;0.000146845;4.7744e-05
4261.18;6704.82;SIG_PWR1;GND1;0.000150177;0.000150184;-4.98005e-05
4261.18;6704.82;GND1;GNS2;0.000150184;0.000149703;0.000405988
4261.18;6704.82;GNS2;SIG_PWR2;0.000149703;0.000149652;0.000325562
4262.18;7206.82;SIG_PWR1;GND1;0.000147548;0.000147541;4.12907e-05
4262.18;7206.82;GND1;GNS2;0.000147541;0.000147349;0.000161572
4262.18;7206.82;GNS2;SIG_PWR2;0.000147349;0.000147344;3.46293e-05
4263.18;6605.82;SIG_PWR1;GND1;0.000150725;0.000150738;-7.95126e-05
4263.18;6605.82;GND1;GNS2;0.000150738;0.000150112;0.000527062
4263.18;6605.82;GNS2;SIG_PWR2;0.000150112;0.000149964;0.000959248
4263.18;7006.82;SIG_PWR1;GND1;0.000148569;0.000148566;2.04947e-05
4263.18;7006.82;GND1;GNS2;0.000148566;0.000148255;0.000261574
4263.18;7006.82;GNS2;SIG_PWR2;0.000148255;0.000148238;0.000109001
4264.18;6906.82;SIG_PWR1;GND1;0.000149195;0.000149198;-2.3293e-05
4264.18;6906.82;GND1;GNS2;0.000149198;0.000148827;0.000312795
4264.18;6906.82;GNS2;SIG_PWR2;0.000148827;0.000148806;0.000137674
4264.18;7107.82;SIG_PWR1;GND1;0.000148134;0.000148133;9.55823e-06
4264.18;7107.82;GND1;GNS2;0.000148133;0.000147828;0.000256641
4264.18;7107.82;GNS2;SIG_PWR2;0.000147828;0.00014777;0.00037281
4265.18;6802.82;SIG_PWR1;GND1;0.00014978;0.000149788;-5.00066e-05
4265.18;6802.82;GND1;GNS2;0.000149788;0.000149315;0.00039807
4265.18;6802.82;GNS2;SIG_PWR2;0.000149315;0.000149237;0.000504834
4266.18;3984.82;SIG_PWR1;GND1;3.28849;3.28849;7.97938e-06
4266.18;3984.82;GND1;GNS2;3.28849;3.28849;7.97938e-06
4266.18;3984.82;GNS2;SIG_PWR2;3.28849;3.28849;7.97937e-06
4268.18;5902.82;SIG_PWR1;GND1;3.28852;3.28852;2.09212e-10
4268.18;5902.82;GND1;GNS2;3.28852;3.28852;2.06261e-10
4268.18;5902.82;GNS2;SIG_PWR2;3.28852;3.28852;2.03481e-10
4285.67;7971.27;SIG_PWR1;GND1;0.000145233;0.000145266;-0.000213083
4285.67;7971.27;GND1;GNS2;0.000145266;0.000145228;3.20229e-05
4285.67;7971.27;GNS2;SIG_PWR2;0.000145228;0.000145179;0.000314957
4327.18;3985.82;SIG_PWR1;GND1;3.28849;3.28849;-7.97938e-06
4327.18;3985.82;GND1;GNS2;3.28849;3.28849;-7.97938e-06
4327.18;3985.82;GNS2;SIG_PWR2;3.28849;3.28849;-7.97938e-06
4332.18;5902.82;SIG_PWR1;GND1;3.28852;3.28852;-2.09212e-10
4332.18;5902.82;GND1;GNS2;3.28852;3.28852;-2.10753e-10
4332.18;5902.82;GNS2;SIG_PWR2;3.28852;3.28852;-2.14944e-10
4383.18;5742.82;SIG_PWR1;GND1;0.000152615;0.000152636;-0.000134865
4383.18;5742.82;GND1;GNS2;0.000152636;0.000152526;9.27296e-05
4383.18;5742.82;GNS2;SIG_PWR2;0.000152526;0.000152511;9.29148e-05
4383.18;5915.82;SIG_PWR1;GND1;0.00015259;0.000152599;-5.79091e-05
4383.18;5915.82;GND1;GNS2;0.000152599;0.000152414;0.000156068
4383.18;5915.82;GNS2;SIG_PWR2;0.000152414;0.000152401;8.04846e-05
4455.9;3390.19;SIG_PWR1;GND1;0.000149094;0.000149147;-0.000338658
4455.9;3390.19;GND1;GNS2;0.000149147;0.000149771;-0.000525979
4455.9;3390.19;GNS2;SIG_PWR2;0.000149771;0.000149833;-0.000403533
4455.9;3685.46;SIG_PWR1;GND1;0.000149176;0.000149276;-0.00064624
4455.9;3685.46;GND1;GNS2;0.000149276;0.000149877;-0.000506356
4455.9;3685.46;GNS2;SIG_PWR2;0.000149877;0.000149895;-0.000118071
4457.9;3279.19;SIG_PWR1;GND1;0.000149104;0.000149149;-0.000289509
4457.9;3279.19;GND1;GNS2;0.000149149;0.000149734;-0.000493005
4457.9;3279.19;GNS2;SIG_PWR2;0.000149734;0.000149789;-0.00035546
4463.18;6359.82;SIG_PWR1;GND1;0.000152624;0.00015251;0.000732802
4463.18;6359.82;GND1;GNS2;0.00015251;0.000151785;0.000610881
4463.18;6359.82;GNS2;SIG_PWR2;0.000151785;0.000151861;-0.000491086
4504.18;7912.82;SIG_PWR1;GND1;0.000144445;0.000144497;-0.000339806
4504.18;7912.82;GND1;GNS2;0.000144497;0.000144393;8.75655e-05
4504.18;7912.82;GNS2;SIG_PWR2;0.000144393;0.000144289;0.000673085
4519.26;4029.64;SIG_PWR1;GND1;0.000149977;0.000149961;9.93637e-05
4519.26;4029.64;GND1;GNS2;0.000149961;0.000150249;-0.00024238
4519.26;4029.64;GNS2;SIG_PWR2;0.000150249;0.000150249;-1.94378e-06
4570.18;6158.82;SIG_PWR1;GND1;0.000153073;0.000153028;0.000290612
4570.18;6158.82;GND1;GNS2;0.000153028;0.000152331;0.000587496
4570.18;6158.82;GNS2;SIG_PWR2;0.000152331;0.000152273;0.000376608
4577.18;5575.82;SIG_PWR1;GND1;0.000152996;0.000152994;1.6715e-05
4577.18;5575.82;GND1;GNS2;0.000152994;0.000152909;7.16992e-05
4577.18;5575.82;GNS2;SIG_PWR2;0.000152909;0.000152913;-2.66956e-05
4580.95;5018.51;SIG_PWR1;GND1;0.000152592;0.000152602;-6.42268e-05
4580.95;5018.51;GND1;GNS2;0.000152602;0.000152616;-1.21746e-05
4580.95;5018.51;GNS2;SIG_PWR2;0.000152616;0.000152648;-0.00020681
4580.95;5313.78;SIG_PWR1;GND1;0.000152888;0.000152904;-0.000103521
4580.95;5313.78;GND1;GNS2;0.000152904;0.000152862;3.49724e-05
4580.95;5313.78;GNS2;SIG_PWR2;0.000152862;0.000152867;-3.04736e-05
4580.95;5609.06;SIG_PWR1;GND1;0.000152998;0.000152994;2.5144e-05
4580.95;5609.06;GND1;GNS2;0.000152994;0.000152909;7.16992e-05
4580.95;5609.06;GNS2;SIG_PWR2;0.000152909;0.000152911;-1.803e-05
4580.95;7380.71;SIG_PWR1;GND1;0.000145352;0.000145674;-0.00208034
4580.95;7380.71;GND1;GNS2;0.000145674;0.000145971;-0.00024974
4580.95;7380.71;GNS2;SIG_PWR2;0.000145971;0.000146005;-0.000221861
4593.93;5982.6;SIG_PWR1;GND1;0.000153007;0.000152998;6.07115e-05
4593.93;5982.6;GND1;GNS2;0.000152998;0.00015274;0.000217344
4593.93;5982.6;GNS2;SIG_PWR2;0.00015274;0.000152773;-0.00021541
4609.18;5860.82;SIG_PWR1;GND1;0.000153143;0.000153116;0.000179203
4609.18;5860.82;GND1;GNS2;0.000153116;0.000152874;0.000203874
4609.18;5860.82;GNS2;SIG_PWR2;0.000152874;0.000152884;-6.34717e-05
4645.18;5989.82;SIG_PWR1;GND1;0.000129992;0.000129992;8.7461e-16
4645.18;5989.82;GND1;GNS2;0.000129992;0.000129992;8.4537e-16
4645.18;5989.82;GNS2;SIG_PWR2;0.000129992;0.000129992;8.7461e-16
4653.18;7652.82;SIG_PWR1;GND1;0.000144224;0.000144317;-0.000601099
4653.18;7652.82;GND1;GNS2;0.000144317;0.000144668;-0.000295811
4653.18;7652.82;GNS2;SIG_PWR2;0.000144668;0.000144871;-0.00131049
4657.18;6582.82;SIG_PWR1;GND1;0.000153702;0.000153281;0.00271346
4657.18;6582.82;GND1;GNS2;0.000153281;0.000150875;0.00202828
4657.18;6582.82;GNS2;SIG_PWR2;0.000150875;0.000150587;0.00185565
4666.9;4587.82;SIG_PWR1;GND1;0.000151882;0.000151782;0.000647406
4666.9;4587.82;GND1;GNS2;0.000151782;0.000151668;9.64223e-05
4666.9;4587.82;GNS2;SIG_PWR2;0.000151668;0.000151679;-7.2198e-05
4666.9;4897.82;SIG_PWR1;GND1;0.00015246;0.000152485;-0.000159081
4666.9;4897.82;GND1;GNS2;0.000152485;0.000152458;2.28558e-05
4666.9;4897.82;GNS2;SIG_PWR2;0.000152458;0.000152454;2.60214e-05
4669.18;4380.82;SIG_PWR1;GND1;0.000150938;0.000150935;2.17967e-05
4669.18;4380.82;GND1;GNS2;0.000150935;0.000150948;-1.11268e-05
4669.18;4380.82;GNS2;SIG_PWR2;0.000150948;0.000150896;0.000335971
4670.18;4280.82;SIG_PWR1;GND1;0.000150551;0.000150544;4.44233e-05
4670.18;4280.82;GND1;GNS2;0.000150544;0.000150675;-0.000110659
4670.18;4280.82;GNS2;SIG_PWR2;0.000150675;0.000150662;8.652e-05
4680.18;5466.82;SIG_PWR1;GND1;0.000153036;0.000153076;-0.000255955
4680.18;5466.82;GND1;GNS2;0.000153076;0.000152983;7.80179e-05
4680.18;5466.82;GNS2;SIG_PWR2;0.000152983;0.000152959;0.000154532
4687.18;6293.82;SIG_PWR1;GND1;3.28854;3.28854;8.59777e-12
4687.18;6293.82;GND1;GNS2;3.28854;3.28854;6.7381e-12
4687.18;6293.82;GNS2;SIG_PWR2;3.28854;3.28854;2.86592e-12
4700.18;5171.1;SIG_PWR1;GND1;0.000152891;0.000152962;-0.000455385
4700.18;5171.1;GND1;GNS2;0.000152962;0.000152927;2.9615e-05
4700.18;5171.1;GNS2;SIG_PWR2;0.000152927;0.0001529;0.000173972
4700.18;5783.1;SIG_PWR1;GND1;0.000153235;0.000153234;9.45128e-06
4700.18;5783.1;GND1;GNS2;0.000153234;0.000152977;0.000216977
4700.18;5783.1;GNS2;SIG_PWR2;0.000152977;0.000152961;0.00010186
4715.18;6034.82;SIG_PWR1;GND1;0.000153411;0.000153384;0.000177265
4715.18;6034.82;GND1;GNS2;0.000153384;0.000152856;0.000445232
4715.18;6034.82;GNS2;SIG_PWR2;0.000152856;0.000152868;-7.77166e-05
4728.59;3542.13;SIG_PWR1;GND1;0.000148386;0.00014848;-0.000606779
4728.59;3542.13;GND1;GNS2;0.00014848;0.000149495;-0.000855874
4728.59;3542.13;GNS2;SIG_PWR2;0.000149495;0.00014959;-0.000613529
4728.59;4132.68;SIG_PWR1;GND1;0.000149963;0.000149939;0.000155766
4728.59;4132.68;GND1;GNS2;0.000149939;0.000150298;-0.00030239
4728.59;4132.68;GNS2;SIG_PWR2;0.000150298;0.000150326;-0.000186218
4730.18;3387.82;SIG_PWR1;GND1;0.000148377;0.000148448;-0.000460818
4730.18;3387.82;GND1;GNS2;0.000148448;0.000149412;-0.00081267
4730.18;3387.82;GNS2;SIG_PWR2;0.000149412;0.000149504;-0.000591795
4732.18;3276.82;SIG_PWR1;GND1;0.000148392;0.000148457;-0.000416585
4732.18;3276.82;GND1;GNS2;0.000148457;0.000149371;-0.00077086
4732.18;3276.82;GNS2;SIG_PWR2;0.000149371;0.000149455;-0.000538374
4789.18;6106.82;SIG_PWR1;GND1;0.00015366;0.000153667;-4.48876e-05
4789.18;6106.82;GND1;GNS2;0.000153667;0.000152911;0.000637297
4789.18;6106.82;GNS2;SIG_PWR2;0.000152911;0.000152916;-3.28126e-05
4798.18;7913.82;SIG_PWR1;GND1;0.00014328;0.000143236;0.000281082
4798.18;7913.82;GND1;GNS2;0.000143236;0.000142946;0.000244729
4798.18;7913.82;GNS2;SIG_PWR2;0.000142946;0.000142847;0.000641796
4808.18;5901.82;SIG_PWR1;GND1;0.000153522;0.000153535;-8.69755e-05
4808.18;5901.82;GND1;GNS2;0.000153535;0.000153031;0.000424646
4808.18;5901.82;GNS2;SIG_PWR2;0.000153031;0.00015301;0.000137531
4813.18;6626.82;SIG_PWR1;GND1;0.00015575;0.00015506;0.00444871
4813.18;6626.82;GND1;GNS2;0.00015506;0.000151252;0.00321027
4813.18;6626.82;GNS2;SIG_PWR2;0.000151252;0.000150896;0.00229456
4814.54;4177.27;SIG_PWR1;GND1;0.000149992;0.000149933;0.00037992
4814.54;4177.27;GND1;GNS2;0.000149933;0.000150327;-0.00033165
4814.54;4177.27;GNS2;SIG_PWR2;0.000150327;0.00015037;-0.000274228
4834.18;6424.82;SIG_PWR1;GND1;0.000154501;0.000154519;-0.000114234
4834.18;6424.82;GND1;GNS2;0.000154519;0.00015247;0.00172688
4834.18;6424.82;GNS2;SIG_PWR2;0.00015247;0.00015247;-1.74922e-16
4872.18;5717.82;SIG_PWR1;GND1;0.00011671;0.000116659;0.000328825
4872.18;5717.82;GND1;GNS2;0.000116659;0.000116269;0.000328825
4872.18;5717.82;GNS2;SIG_PWR2;0.000116269;0.000116218;0.000328825
4876.22;3837.41;SIG_PWR1;GND1;0.000148126;0.000148319;-0.0012477
4876.22;3837.41;GND1;GNS2;0.000148319;0.000149586;-0.00106786
4876.22;3837.41;GNS2;SIG_PWR2;0.000149586;0.0001497;-0.000736652
4876.22;7380.71;SIG_PWR1;GND1;0.000144702;0.000144925;-0.00144156
4876.22;7380.71;GND1;GNS2;0.000144925;0.000144985;-5.09073e-05
4876.22;7380.71;GNS2;SIG_PWR2;0.000144985;0.000145032;-0.00029942
4895.18;3791.82;SIG_PWR1;GND1;0.000147982;0.000148134;-0.000979512
4895.18;3791.82;GND1;GNS2;0.000148134;0.000149513;-0.00116273
4895.18;3791.82;GNS2;SIG_PWR2;0.000149513;0.000149651;-0.00088541
4949.18;5851.82;SIG_PWR1;GND1;3.28893;3.28893;-0.000328934
4949.18;5851.82;GND1;GNS2;3.28893;3.28893;-0.000328934
4949.18;5851.82;GNS2;SIG_PWR2;3.28893;3.28893;-0.000328934
4952.18;7820.82;SIG_PWR1;GND1;0.000141954;0.000142013;-0.000384148
4952.18;7820.82;GND1;GNS2;0.000142013;0.000141773;0.000202815
4952.18;7820.82;GNS2;SIG_PWR2;0.000141773;0.000141641;0.000850011
4952.18;7887.82;SIG_PWR1;GND1;0.00014183;0.000141881;-0.000326939
4952.18;7887.82;GND1;GNS2;0.000141881;0.000141662;0.000184378
4952.18;7887.82;GNS2;SIG_PWR2;0.000141662;0.000141572;0.000582144
4961.47;6555.82;SIG_PWR1;GND1;3.28849;3.28849;-0.0344739
4961.47;6555.82;GND1;GNS2;3.28849;3.28853;-0.0344739
4961.47;6555.82;GNS2;SIG_PWR2;3.28853;3.28854;-0.0344739
4962.18;4472.55;SIG_PWR1;GND1;0.000151176;0.00015116;0.000103544
4962.18;4472.55;GND1;GNS2;0.00015116;0.000151231;-5.98524e-05
4962.18;4472.55;GNS2;SIG_PWR2;0.000151231;0.000151211;0.000126298
4962.18;4767.82;SIG_PWR1;GND1;0.000152699;0.000152751;-0.000336568
4962.18;4767.82;GND1;GNS2;0.000152751;0.000152556;0.000164376
4962.18;4767.82;GNS2;SIG_PWR2;0.000152556;0.000152481;0.000487093
4962.18;5063.1;SIG_PWR1;GND1;0.000153647;0.000153698;-0.000327324
4962.18;5063.1;GND1;GNS2;0.000153698;0.000153423;0.000231561
4962.18;5063.1;GNS2;SIG_PWR2;0.000153423;0.000153347;0.000492294
4962.18;5358.38;SIG_PWR1;GND1;0.000153888;0.000153917;-0.000188651
4962.18;5358.38;GND1;GNS2;0.000153917;0.000153641;0.000232886
4962.18;5358.38;GNS2;SIG_PWR2;0.000153641;0.000153596;0.000290804
4962.18;5607.82;SIG_PWR1;GND1;0.000153791;0.000153788;2.22709e-05
4962.18;5607.82;GND1;GNS2;0.000153788;0.000153469;0.000268968
4962.18;5607.82;GNS2;SIG_PWR2;0.000153469;0.000153473;-2.98322e-05
4974.14;6800.86;SIG_PWR1;GND1;0.000152896;0.000152896;-5.24766e-16
4974.14;6800.86;GND1;GNS2;0.000152896;0.000149602;0.00277684
4974.14;6800.86;GNS2;SIG_PWR2;0.000149602;0.000149224;0.00243687
4974.18;6630.82;SIG_PWR1;GND1;0.000166113;0.000161703;0.028458
4974.18;6630.82;GND1;GNS2;0.000161703;0.000152568;0.0077005
4974.18;6630.82;GNS2;SIG_PWR2;0.000152568;0.000152174;0.00254255
5002.18;7467.82;SIG_PWR1;GND1;0.000143697;0.000143594;0.000661253
5002.18;7467.82;GND1;GNS2;0.000143594;0.000143555;3.27258e-05
5002.18;7467.82;GNS2;SIG_PWR2;0.000143555;0.000143748;-0.00124327
5003.18;7408.82;SIG_PWR1;GND1;0.000144159;0.000144142;0.000114554
5003.18;7408.82;GND1;GNS2;0.000144142;0.000144018;0.000104316
5003.18;7408.82;GNS2;SIG_PWR2;0.000144018;0.000144135;-0.000758485
5005.18;5811.82;SIG_PWR1;GND1;0.000153816;0.000153859;-0.000272784
5005.18;5811.82;GND1;GNS2;0.000153859;0.000153303;0.000468592
5005.18;5811.82;GNS2;SIG_PWR2;0.000153303;0.00015339;-0.000564944
5023.86;3391.49;SIG_PWR1;GND1;0.00014708;0.000147198;-0.000755748
5023.86;3391.49;GND1;GNS2;0.000147198;0.000149311;-0.00178141
5023.86;3391.49;GNS2;SIG_PWR2;0.000149311;0.000149676;-0.00235494
5023.86;3686.77;SIG_PWR1;GND1;0.000147335;0.00014749;-0.00099482
5023.86;3686.77;GND1;GNS2;0.00014749;0.000149418;-0.00162574
5023.86;3686.77;GNS2;SIG_PWR2;0.000149418;0.00014966;-0.00155953
5025.86;3280.49;SIG_PWR1;GND1;0.000147089;0.000147202;-0.000729394
5025.86;3280.49;GND1;GNS2;0.000147202;0.000149229;-0.00170893
5025.86;3280.49;GNS2;SIG_PWR2;0.000149229;0.000149556;-0.00210997
5026.43;5676.08;SIG_PWR1;GND1;3.28933;3.28933;-0.000328972
5026.43;5676.08;GND1;GNS2;3.28933;3.28933;-0.000328972
5026.43;5676.08;GNS2;SIG_PWR2;3.28933;3.28933;-0.000328972
5052.18;6208.82;SIG_PWR1;GND1;0.000155265;0.00015532;-0.000351587
5052.18;6208.82;GND1;GNS2;0.00015532;0.000153151;0.00182827
5052.18;6208.82;GNS2;SIG_PWR2;0.000153151;0.000153128;0.000149702
5085.18;6297.79;SIG_PWR1;GND1;3.2885;3.2885;-0.0249518
5085.18;6297.79;GND1;GNS2;3.2885;3.28853;-0.0249518
5085.18;6297.79;GNS2;SIG_PWR2;3.28853;3.28853;-0.0249518
5092.18;6528.82;SIG_PWR1;GND1;0.000162036;0.000159911;0.0137144
5092.18;6528.82;GND1;GNS2;0.000159911;0.000153439;0.00545551
5092.18;6528.82;GNS2;SIG_PWR2;0.000153439;0.000153439;1.74922e-16
5109.81;4029.64;SIG_PWR1;GND1;0.000147164;0.000147515;-0.00226824
5109.81;4029.64;GND1;GNS2;0.000147515;0.000149673;-0.00181864
5109.81;4029.64;GNS2;SIG_PWR2;0.000149673;0.000150012;-0.00219002
5121.18;5678.82;SIG_PWR1;GND1;3.28923;3.28922;0.0510148
5121.18;5678.82;GND1;GNS2;3.28922;3.28916;0.0510148
5121.18;5678.82;GNS2;SIG_PWR2;3.28916;3.28915;0.0510148
5122.18;5608.82;SIG_PWR1;GND1;3.28926;3.28926;0.0510832
5122.18;5608.82;GND1;GNS2;3.28926;3.28919;0.0510832
5122.18;5608.82;GNS2;SIG_PWR2;3.28919;3.28919;0.0510832
5126.18;3827.82;SIG_PWR1;GND1;0.000146896;0.000147089;-0.00124226
5126.18;3827.82;GND1;GNS2;0.000147089;0.000149551;-0.00207527
5126.18;3827.82;GNS2;SIG_PWR2;0.000149551;0.000149908;-0.00230701
5156.18;5643.82;SIG_PWR1;GND1;3.28923;3.28923;0.0450719
5156.18;5643.82;GND1;GNS2;3.28923;3.28917;0.0450719
5156.18;5643.82;GNS2;SIG_PWR2;3.28917;3.28917;0.0450719
5171.5;3837.41;SIG_PWR1;GND1;0.000146607;0.0001468;-0.00124454
5171.5;3837.41;GND1;GNS2;0.0001468;0.000149601;-0.00236075
5171.5;3837.41;GNS2;SIG_PWR2;0.000149601;0.000150125;-0.0033855
5182.18;3598.82;SIG_PWR1;GND1;0.000146215;0.000146358;-0.000923956
5182.18;3598.82;GND1;GNS2;0.000146358;0.00014942;-0.00258104
5182.18;3598.82;GNS2;SIG_PWR2;0.00014942;0.000149996;-0.0037192
5192.18;5607.82;SIG_PWR1;GND1;3.28926;3.28925;0.0559801
5192.18;5607.82;GND1;GNS2;3.28925;3.28918;0.0559801
5192.18;5607.82;GNS2;SIG_PWR2;3.28918;3.28917;0.0559801
5192.18;5676.82;SIG_PWR1;GND1;3.28922;3.28921;0.052808
5192.18;5676.82;GND1;GNS2;3.28921;3.28915;0.052808
5192.18;5676.82;GNS2;SIG_PWR2;3.28915;3.28914;0.052808
5195.18;5018.82;SIG_PWR1;GND1;3.28983;3.28982;0.025329
5195.18;5018.82;GND1;GNS2;3.28982;3.28979;0.025329
5195.18;5018.82;GNS2;SIG_PWR2;3.28979;3.28979;0.025329
5205.18;6391.82;SIG_PWR1;GND1;0.000165992;0.0001623;0.0238286
5205.18;6391.82;GND1;GNS2;0.0001623;0.000153923;0.00706101
5205.18;6391.82;GNS2;SIG_PWR2;0.000153923;0.000153923;1.74922e-16
5229.18;4095.82;SIG_PWR1;GND1;7.18805e-05;7.19314e-05;-0.000328825
5229.18;4095.82;GND1;GNS2;7.19314e-05;7.23215e-05;-0.000328825
5229.18;4095.82;GNS2;SIG_PWR2;7.23215e-05;7.23725e-05;-0.000328825
5231.18;4147.82;SIG_PWR1;GND1;3.28938;3.28938;0.000328972
5231.18;4147.82;GND1;GNS2;3.28938;3.28937;0.000328972
5231.18;4147.82;GNS2;SIG_PWR2;3.28937;3.28937;0.000328972
5234.18;4198.82;SIG_PWR1;GND1;0.00105853;0.00105904;-0.00328891
5234.18;4198.82;GND1;GNS2;0.00105904;0.00106294;-0.00328891
5234.18;4198.82;GNS2;SIG_PWR2;0.00106294;0.00106345;-0.00328891
5238.18;4864.82;SIG_PWR1;GND1;0.000155351;0.000155337;8.80603e-05
5238.18;4864.82;GND1;GNS2;0.000155337;0.000154744;0.000500406
5238.18;4864.82;GNS2;SIG_PWR2;0.000154744;0.00015491;-0.00107559
5242.18;5800.82;SIG_PWR1;GND1;0.000153695;0.000153743;-0.000307861
5242.18;5800.82;GND1;GNS2;0.000153743;0.000152694;0.000883799
5242.18;5800.82;GNS2;SIG_PWR2;0.000152694;0.000152575;0.000771706
5248.93;6357.07;SIG_PWR1;GND1;0.000129992;0.000129992;-1.74922e-16
5248.93;6357.07;GND1;GNS2;0.000129992;0.000129992;-1.14239e-16
5248.93;6357.07;GNS2;SIG_PWR2;0.000129992;0.000129992;-1.74922e-16
5252.18;7444.82;SIG_PWR1;GND1;0.000141397;0.00014145;-0.000345126
5252.18;7444.82;GND1;GNS2;0.00014145;0.000141677;-0.000190782
5252.18;7444.82;GNS2;SIG_PWR2;0.000141677;0.000142047;-0.00239469
5254.18;7376.82;SIG_PWR1;GND1;3.28854;3.28854;-2.86592e-12
5254.18;7376.82;GND1;GNS2;3.28854;3.28854;-4.49207e-12
5254.18;7376.82;GNS2;SIG_PWR2;3.28854;3.28854;-8.59777e-12
5263.45;5083.82;SIG_PWR1;GND1;0.000157449;0.000157011;0.00282258
5263.45;5083.82;GND1;GNS2;0.000157011;0.000155895;0.000940991
5263.45;5083.82;GNS2;SIG_PWR2;0.000155895;0.000155993;-0.000633331
5301.18;6665.82;SIG_PWR1;GND1;0.000155466;0.000154486;0.00632429
5301.18;6665.82;GND1;GNS2;0.000154486;0.000150002;0.00378006
5301.18;6665.82;GNS2;SIG_PWR2;0.000150002;0.000150002;-5.24766e-16
5310.9;7099.25;SIG_PWR1;GND1;0.000145979;0.000146152;-0.0011132
5310.9;7099.25;GND1;GNS2;0.000146152;0.000144683;0.00123821
5310.9;7099.25;GNS2;SIG_PWR2;0.000144683;0.000144791;-0.000698869
5316.45;5219.82;SIG_PWR1;GND1;0.000157111;0.000156909;0.00129998
5316.45;5219.82;GND1;GNS2;0.000156909;0.000156144;0.000644783
5316.45;5219.82;GNS2;SIG_PWR2;0.000156144;0.000156221;-0.00049731
5316.45;5643.82;SIG_PWR1;GND1;0.000154189;0.000154156;0.000209916
5316.45;5643.82;GND1;GNS2;0.000154156;0.000153213;0.000794988
5316.45;5643.82;GNS2;SIG_PWR2;0.000153213;0.000153026;0.00120438
5319.14;3542.13;SIG_PWR1;GND1;0.000144814;0.000144916;-0.000657875
5319.14;3542.13;GND1;GNS2;0.000144916;0.000149909;-0.0042088
5319.14;3542.13;GNS2;SIG_PWR2;0.000149909;0.00015159;-0.0108462
5319.14;5313.78;SIG_PWR1;GND1;0.000156504;0.000156441;0.000407553
5319.14;5313.78;GND1;GNS2;0.000156441;0.000155935;0.000426353
5319.14;5313.78;GNS2;SIG_PWR2;0.000155935;0.000156001;-0.000427071
5346.02;7260.2;SIG_PWR1;GND1;0.000143139;0.000143163;-0.000156411
5346.02;7260.2;GND1;GNS2;0.000143163;0.000142804;0.000303255
5346.02;7260.2;GNS2;SIG_PWR2;0.000142804;0.000143235;-0.00278377
5353.18;5295.82;SIG_PWR1;GND1;0.000156703;0.000156672;0.000197938
5353.18;5295.82;GND1;GNS2;0.000156672;0.000156183;0.000412478
5353.18;5295.82;GNS2;SIG_PWR2;0.000156183;0.000156268;-0.000545718
5358.18;4707.82;SIG_PWR1;GND1;0.00122824;0.00122773;0.00328891
5358.18;4707.82;GND1;GNS2;0.00122773;0.00122383;0.00328891
5358.18;4707.82;GNS2;SIG_PWR2;0.00122383;0.00122332;0.00328891
5380.18;3833.82;SIG_PWR1;GND1;0.000144711;0.000144936;-0.00145311
5380.18;3833.82;GND1;GNS2;0.000144936;0.000150691;-0.0048515
5380.18;3833.82;GNS2;SIG_PWR2;0.000150691;0.000153112;-0.0156207
5401.18;7484.44;SIG_PWR1;GND1;3.28854;3.28854;-1.11771e-10
5401.18;7484.44;GND1;GNS2;3.28854;3.28854;-1.11927e-10
5401.18;7484.44;GNS2;SIG_PWR2;3.28854;3.28854;-1.14637e-10
5402.18;7448.44;SIG_PWR1;GND1;3.28854;3.28854;1.03173e-10
5402.18;7448.44;GND1;GNS2;3.28854;3.28854;1.02195e-10
5402.18;7448.44;GNS2;SIG_PWR2;3.28854;3.28854;1.00307e-10
5405.09;4177.27;SIG_PWR1;GND1;0.000144384;0.000145174;-0.00509638
5405.09;4177.27;GND1;GNS2;0.000145174;0.000148801;-0.00305765
5405.09;4177.27;GNS2;SIG_PWR2;0.000148801;0.000149867;-0.00687717
5413.18;5537.82;SIG_PWR1;GND1;0.000154743;0.000154678;0.000415883
5413.18;5537.82;GND1;GNS2;0.000154678;0.000153684;0.000837794
5413.18;5537.82;GNS2;SIG_PWR2;0.000153684;0.000153481;0.00131139
5419.18;6557.82;SIG_PWR1;GND1;0.000154526;0.000153743;0.00505319
5419.18;6557.82;GND1;GNS2;0.000153743;0.000149489;0.00358594
5419.18;6557.82;GNS2;SIG_PWR2;0.000149489;0.000149489;1.74922e-16
5434.05;6204.95;SIG_PWR1;GND1;0.000169173;0.000163462;0.0368511
5434.05;6204.95;GND1;GNS2;0.000163462;0.00015303;0.00879364
5434.05;6204.95;GNS2;SIG_PWR2;0.00015303;0.00015303;1.74922e-16
5439.18;5765.82;SIG_PWR1;GND1;0.000153204;0.00015315;0.000343403
5439.18;5765.82;GND1;GNS2;0.00015315;0.000152007;0.000963864
5439.18;5765.82;GNS2;SIG_PWR2;0.000152007;0.000151949;0.000373011
5441.18;7820.82;SIG_PWR1;GND1;0.000136116;0.00013604;0.00048764
5441.18;7820.82;GND1;GNS2;0.00013604;0.000135227;0.000685859
5441.18;7820.82;GNS2;SIG_PWR2;0.000135227;0.000135041;0.00119863
5441.18;7887.82;SIG_PWR1;GND1;0.000136036;0.000135942;0.000603572
5441.18;7887.82;GND1;GNS2;0.000135942;0.000135154;0.00066438
5441.18;7887.82;GNS2;SIG_PWR2;0.000135154;0.000135013;0.000909692
5451.92;6990.82;SIG_PWR1;GND1;3.28849;3.28849;-0.0337991
5451.92;6990.82;GND1;GNS2;3.28849;3.28853;-0.0337991
5451.92;6990.82;GNS2;SIG_PWR2;3.28853;3.28854;-0.0337991
5466.77;5609.06;SIG_PWR1;GND1;0.000154229;0.000154244;-9.42682e-05
5466.77;5609.06;GND1;GNS2;0.000154244;0.000153282;0.000810434
5466.77;5609.06;GNS2;SIG_PWR2;0.000153282;0.000153085;0.00127691
5466.77;7380.71;SIG_PWR1;GND1;0.000138639;0.000139033;-0.00254366
5466.77;7380.71;GND1;GNS2;0.000139033;0.000138991;3.59139e-05
5466.77;7380.71;GNS2;SIG_PWR2;0.000138991;0.000139199;-0.00134531
5482.18;6959.82;SIG_PWR1;GND1;0.000163518;0.00015692;0.0425762
5482.18;6959.82;GND1;GNS2;0.00015692;0.000145547;0.00958677
5482.18;6959.82;GNS2;SIG_PWR2;0.000145547;0.000145547;1.74922e-16
5483.18;6791.82;SIG_PWR1;GND1;0.00015069;0.000150035;0.00422865
5483.18;6791.82;GND1;GNS2;0.000150035;0.000145996;0.00340514
5483.18;6791.82;GNS2;SIG_PWR2;0.000145996;0.000145996;1.74922e-16
5489.18;4692.82;SIG_PWR1;GND1;0.000155929;0.000155786;0.0009212
5489.18;4692.82;GND1;GNS2;0.000155786;0.000154093;0.00142766
5489.18;4692.82;GNS2;SIG_PWR2;0.000154093;0.000154197;-0.000675875
5494.18;6020.82;SIG_PWR1;GND1;0.000152731;0.000152757;-0.000168094
5494.18;6020.82;GND1;GNS2;0.000152757;0.000150498;0.00190386
5494.18;6020.82;GNS2;SIG_PWR2;0.000150498;0.000150287;0.00136016
5498.18;3453.82;SIG_PWR1;GND1;0.000142601;0.000142472;0.000829173
5498.18;3453.82;GND1;GNS2;0.000142472;0.000148197;-0.00482615
5498.18;3453.82;GNS2;SIG_PWR2;0.000148197;0.000150427;-0.0143864
5500.18;5091.82;SIG_PWR1;GND1;0.000159621;0.000159503;0.000766595
5500.18;5091.82;GND1;GNS2;0.000159503;0.000157793;0.00144121
5500.18;5091.82;GNS2;SIG_PWR2;0.000157793;0.000157714;0.000512541
5517.18;4407.82;SIG_PWR1;GND1;3.29075;3.29074;0.0442648
5517.18;4407.82;GND1;GNS2;3.29074;3.29069;0.0442648
5517.18;4407.82;GNS2;SIG_PWR2;3.29069;3.29068;0.0442648
5517.18;4437.82;SIG_PWR1;GND1;3.29076;3.29076;0.0324262
5517.18;4437.82;GND1;GNS2;3.29076;3.29072;0.0324262
5517.18;4437.82;GNS2;SIG_PWR2;3.29072;3.29071;0.0324262
5519.18;6120.82;SIG_PWR1;GND1;3.28855;3.28856;-0.0791431
5519.18;6120.82;GND1;GNS2;3.28856;3.28865;-0.0791431
5519.18;6120.82;GNS2;SIG_PWR2;3.28865;3.28866;-0.0791431
5545.18;5018.82;SIG_PWR1;GND1;3.28956;3.28956;-0.025329
5545.18;5018.82;GND1;GNS2;3.28956;3.28959;-0.025329
5545.18;5018.82;GNS2;SIG_PWR2;3.28959;3.2896;-0.025329
5555.18;4875.82;SIG_PWR1;GND1;0.000166877;0.000163845;0.0195656
5555.18;4875.82;GND1;GNS2;0.000163845;0.00015699;0.00577832
5555.18;4875.82;GNS2;SIG_PWR2;0.00015699;0.000156475;0.00331977
5565.18;4408.82;SIG_PWR1;GND1;3.2908;3.29079;0.0694619
5565.18;4408.82;GND1;GNS2;3.29079;3.2907;0.0694619
5565.18;4408.82;GNS2;SIG_PWR2;3.2907;3.29069;0.0694619
5565.18;4438.82;SIG_PWR1;GND1;3.29081;3.29081;0.055821
5565.18;4438.82;GND1;GNS2;3.29081;3.29074;0.055821
5565.18;4438.82;GNS2;SIG_PWR2;3.29074;3.29073;0.055821
5578.18;6358.82;SIG_PWR1;GND1;0.000153708;0.000152557;0.00742643
5578.18;6358.82;GND1;GNS2;0.000152557;0.000148123;0.00373723
5578.18;6358.82;GNS2;SIG_PWR2;0.000148123;0.000148123;1.74922e-16
5582.18;6693.82;SIG_PWR1;GND1;0.000149845;0.000148942;0.00582545
5582.18;6693.82;GND1;GNS2;0.000148942;0.00014502;0.00330676
5582.18;6693.82;GNS2;SIG_PWR2;0.00014502;0.00014502;1.74922e-16
5583.18;5709.82;SIG_PWR1;GND1;0.000152836;0.000152847;-6.8362e-05
5583.18;5709.82;GND1;GNS2;0.000152847;0.000151768;0.000909568
5583.18;5709.82;GNS2;SIG_PWR2;0.000151768;0.000151599;0.00108682
5587.18;5531.82;SIG_PWR1;GND1;0.000154853;0.000155069;-0.0013978
5587.18;5531.82;GND1;GNS2;0.000155069;0.000153992;0.000908403
5587.18;5531.82;GNS2;SIG_PWR2;0.000153992;0.000153583;0.00263715
5589.18;5295.82;SIG_PWR1;GND1;0.000159186;0.000159237;-0.000325068
5589.18;5295.82;GND1;GNS2;0.000159237;0.000158203;0.00087131
5589.18;5295.82;GNS2;SIG_PWR2;0.000158203;0.000158235;-0.000207681
5592.18;5169.82;SIG_PWR1;GND1;0.000161276;0.000161202;0.000474476
5592.18;5169.82;GND1;GNS2;0.000161202;0.00015924;0.00165406
5592.18;5169.82;GNS2;SIG_PWR2;0.00015924;0.000158838;0.00259577
5594.18;5871.82;SIG_PWR1;GND1;0.000151766;0.000151561;0.00132309
5594.18;5871.82;GND1;GNS2;0.000151561;0.000150121;0.00121308
5594.18;5871.82;GNS2;SIG_PWR2;0.000150121;0.000150071;0.000322701
5594.18;7114.82;SIG_PWR1;GND1;0.000140488;0.000140634;-0.000940945
5594.18;7114.82;GND1;GNS2;0.000140634;0.000138621;0.00169613
5594.18;7114.82;GNS2;SIG_PWR2;0.000138621;0.000138678;-0.000363554
5622.03;3430.14;SIG_PWR1;GND1;3.28954;3.28954;-0.00770702
5622.03;3430.14;GND1;GNS2;3.28954;3.28954;-0.00770702
5622.03;3430.14;GNS2;SIG_PWR2;3.28954;3.28954;-0.00770702
5641.18;5996.82;SIG_PWR1;GND1;0.000149859;0.000149859;3.49844e-16
5641.18;5996.82;GND1;GNS2;0.000149859;0.000148433;0.00120174
5641.18;5996.82;GNS2;SIG_PWR2;0.000148433;0.000148544;-0.00071786
5643.18;3812.82;SIG_PWR1;GND1;0.000173746;0.000173694;0.000328881
5643.18;3812.82;GND1;GNS2;0.000173694;0.000173304;0.000328881
5643.18;3812.82;GNS2;SIG_PWR2;0.000173304;0.000173253;0.000328881
5656.18;3957.82;SIG_PWR1;GND1;0.000140092;0.000140218;-0.00080964
5656.18;3957.82;GND1;GNS2;0.000140218;0.000142049;-0.00154411
5656.18;3957.82;GNS2;SIG_PWR2;0.000142049;0.000142049;1.74922e-16
5659.91;7647.67;SIG_PWR1;GND1;0.000133472;0.000133305;0.00182744
5659.91;7647.67;GND1;GNS2;0.000133305;0.00013202;0.00182957
5659.91;7647.67;GNS2;SIG_PWR2;0.00013202;0.00013178;0.00261226
5659.91;7811.06;SIG_PWR1;GND1;0.000132329;0.000132325;4.40532e-05
5659.91;7811.06;GND1;GNS2;0.000132325;0.000131721;0.000859875
5659.91;7811.06;GNS2;SIG_PWR2;0.000131721;0.000131627;0.00101719
5664.04;5095.68;SIG_PWR1;GND1;0.000172368;0.000172368;1.74922e-16
5664.04;5095.68;GND1;GNS2;0.000172368;0.000172368;6.85435e-17
5664.04;5095.68;GNS2;SIG_PWR2;0.000172368;0.000172368;-0
5675.38;5171.62;SIG_PWR1;GND1;0.000163032;0.0001633;-0.00173386
5675.38;5171.62;GND1;GNS2;0.0001633;0.000161803;0.00126203
5675.38;5171.62;GNS2;SIG_PWR2;0.000161803;0.000161803;1.74922e-16
5681.18;5213.82;SIG_PWR1;GND1;0.000172459;0.000172459;-1.74922e-16
5681.18;5213.82;GND1;GNS2;0.000172459;0.000172459;-1.82783e-16
5681.18;5213.82;GNS2;SIG_PWR2;0.000172459;0.000172459;-1.74922e-16
5687.18;5120.08;SIG_PWR1;GND1;0.000163383;0.000163558;-0.00112937
5687.18;5120.08;GND1;GNS2;0.000163558;0.00016186;0.00143119
5687.18;5120.08;GNS2;SIG_PWR2;0.00016186;0.00016186;1.74922e-16
5691.18;3345.82;SIG_PWR1;GND1;0.000136478;0.000136458;0.000129879
5691.18;3345.82;GND1;GNS2;0.000136458;0.000141033;-0.00385673
5691.18;3345.82;GNS2;SIG_PWR2;0.000141033;0.000142127;-0.00706026
5707.92;5185.27;SIG_PWR1;GND1;0.000172344;0.000172344;1.74922e-16
5707.92;5185.27;GND1;GNS2;0.000172344;0.000172344;1.37087e-16
5707.92;5185.27;GNS2;SIG_PWR2;0.000172344;0.000172344;-0
5708.18;3812.82;SIG_PWR1;GND1;0.000173572;0.000173521;0.000328881
5708.18;3812.82;GND1;GNS2;0.000173521;0.000173131;0.000328881
5708.18;3812.82;GNS2;SIG_PWR2;0.000173131;0.00017308;0.000328881
5712.84;3963.82;SIG_PWR1;GND1;0.000138406;0.000138523;-0.000757207
5712.84;3963.82;GND1;GNS2;0.000138523;0.000140252;-0.00145763
5712.84;3963.82;GNS2;SIG_PWR2;0.000140252;0.000140252;1.74922e-16
5718.38;7665.19;SIG_PWR1;GND1;0.000131247;0.0001312;0.000683906
5718.38;7665.19;GND1;GNS2;0.0001312;0.000130216;0.00185776
5718.38;7665.19;GNS2;SIG_PWR2;0.000130216;0.000130022;0.00280813
5725.18;5312.82;SIG_PWR1;GND1;0.000161429;0.000162138;-0.00457423
5725.18;5312.82;GND1;GNS2;0.000162138;0.000160443;0.0014281
5725.18;5312.82;GNS2;SIG_PWR2;0.000160443;0.000160291;0.00097912
5729.18;7369.82;SIG_PWR1;GND1;0.000135365;0.000134707;0.00424605
5729.18;7369.82;GND1;GNS2;0.000134707;0.000131536;0.00267302
5729.18;7369.82;GNS2;SIG_PWR2;0.000131536;0.00013071;0.00533467
5736.18;6523.82;SIG_PWR1;GND1;0.000147458;0.000146444;0.00654065
5736.18;6523.82;GND1;GNS2;0.000146444;0.000142889;0.00299704
5736.18;6523.82;GNS2;SIG_PWR2;0.000142889;0.000142889;1.74922e-16
5741.18;5098.82;SIG_PWR1;GND1;0.000172343;0.000172343;1.74922e-16
5741.18;5098.82;GND1;GNS2;0.000172343;0.000172343;-2.28478e-17
5741.18;5098.82;GNS2;SIG_PWR2;0.000172343;0.000172343;-1.74922e-16
5744.17;6170.21;SIG_PWR1;GND1;0.000147332;0.000147332;-1.74922e-16
5744.17;6170.21;GND1;GNS2;0.000147332;0.000145625;0.00143949
5744.17;6170.21;GNS2;SIG_PWR2;0.000145625;0.000145777;-0.000980468
5753.18;5046.82;SIG_PWR1;GND1;0.000167781;0.000167781;-1.39938e-15
5753.18;5046.82;GND1;GNS2;0.000167781;0.000163795;0.00335971
5753.18;5046.82;GNS2;SIG_PWR2;0.000163795;0.000163795;1.74922e-16
5759.93;5472.82;SIG_PWR1;GND1;0.000156494;0.000156534;-0.000261193
5759.93;5472.82;GND1;GNS2;0.000156534;0.000155538;0.000839844
5759.93;5472.82;GNS2;SIG_PWR2;0.000155538;0.000155436;0.000656048
5760.18;3815.82;SIG_PWR1;GND1;0.000174801;0.00017475;0.000328881
5760.18;3815.82;GND1;GNS2;0.00017475;0.000174359;0.000328881
5760.18;3815.82;GNS2;SIG_PWR2;0.000174359;0.000174309;0.000328881
5761.18;5713.82;SIG_PWR1;GND1;0.000151137;0.000151213;-0.000487546
5761.18;5713.82;GND1;GNS2;0.000151213;0.000150074;0.000959962
5761.18;5713.82;GNS2;SIG_PWR2;0.000150074;0.000150088;-9.28279e-05
5776.18;3976.82;SIG_PWR1;GND1;0.000137493;0.0001376;-0.000689706
5776.18;3976.82;GND1;GNS2;0.0001376;0.000139548;-0.00164157
5776.18;3976.82;GNS2;SIG_PWR2;0.000139548;0.000139548;-1.74922e-16
5776.18;5073.82;SIG_PWR1;GND1;0.000172368;0.000172368;1.74922e-16
5776.18;5073.82;GND1;GNS2;0.000172368;0.000172368;6.85435e-17
5776.18;5073.82;GNS2;SIG_PWR2;0.000172368;0.000172368;-0
5786.18;5863.82;SIG_PWR1;GND1;0.000149848;0.00014951;0.00218313
5786.18;5863.82;GND1;GNS2;0.00014951;0.000147974;0.0012943
5786.18;5863.82;GNS2;SIG_PWR2;0.000147974;0.000148163;-0.00121706
5799.18;7446.82;SIG_PWR1;GND1;0.000131916;0.000131587;0.00212358
5799.18;7446.82;GND1;GNS2;0.000131587;0.000129435;0.001814
5799.18;7446.82;GNS2;SIG_PWR2;0.000129435;0.000129019;0.00268276
5807.18;5343.82;SIG_PWR1;GND1;3.28883;3.28883;-0.0227844
5807.18;5343.82;GND1;GNS2;3.28883;3.28886;-0.0227844
5807.18;5343.82;GNS2;SIG_PWR2;3.28886;3.28886;-0.0227844
5811.43;5473.82;SIG_PWR1;GND1;0.000156202;0.000156359;-0.00101149
5811.43;5473.82;GND1;GNS2;0.000156359;0.000155585;0.000652054
5811.43;5473.82;GNS2;SIG_PWR2;0.000155585;0.000155585;-8.7461e-16
5828.56;7894.95;SIG_PWR1;GND1;0.000128605;0.000128559;0.000297038
5828.56;7894.95;GND1;GNS2;0.000128559;0.000128054;0.000425109
5828.56;7894.95;GNS2;SIG_PWR2;0.000128054;0.000128069;-9.52241e-05
5840.18;3812.82;SIG_PWR1;GND1;0.000174421;0.00017437;0.00032888
5840.18;3812.82;GND1;GNS2;0.00017437;0.00017398;0.00032888
5840.18;3812.82;GNS2;SIG_PWR2;0.00017398;0.000173929;0.00032888
5859.18;3967.82;SIG_PWR1;GND1;0.000135534;0.000135677;-0.000918327
5859.18;3967.82;GND1;GNS2;0.000135677;0.00013985;-0.00351796
5859.18;3967.82;GNS2;SIG_PWR2;0.00013985;0.000141863;-0.0129901
5862.92;5474.76;SIG_PWR1;GND1;0.000156259;0.000156455;-0.00126407
5862.92;5474.76;GND1;GNS2;0.000156455;0.000155553;0.000760146
5862.92;5474.76;GNS2;SIG_PWR2;0.000155553;0.000155553;1.74922e-16
5865.18;7114.82;SIG_PWR1;GND1;0.000132522;0.000132522;5.24766e-16
5865.18;7114.82;GND1;GNS2;0.000132522;0.000129646;0.00242481
5865.18;7114.82;GNS2;SIG_PWR2;0.000129646;0.000128803;0.00544019
5883.18;6508.82;SIG_PWR1;GND1;3.28853;3.28854;-0.0344421
5883.18;6508.82;GND1;GNS2;3.28854;3.28858;-0.0344421
5883.18;6508.82;GNS2;SIG_PWR2;3.28858;3.28858;-0.0344421
5890.18;4859.82;SIG_PWR1;GND1;6.84116e-05;6.83606e-05;0.000329096
5890.18;4859.82;GND1;GNS2;6.83606e-05;6.79702e-05;0.000329096
5890.18;4859.82;GNS2;SIG_PWR2;6.79702e-05;6.79192e-05;0.000329096
5896.92;4663.82;SIG_PWR1;GND1;0.000155351;0.000155314;0.000237764
5896.92;4663.82;GND1;GNS2;0.000155314;0.000151914;0.00286622
5896.92;4663.82;GNS2;SIG_PWR2;0.000151914;0.000151857;0.000364832
5907.18;3812.82;SIG_PWR1;GND1;0.000175184;0.000175133;0.000328881
5907.18;3812.82;GND1;GNS2;0.000175133;0.000174743;0.000328881
5907.18;3812.82;GNS2;SIG_PWR2;0.000174743;0.000174692;0.000328881
5911.18;7217.82;SIG_PWR1;GND1;4.99819;4.99819;-1.71955e-10
5911.18;7217.82;GND1;GNS2;4.99819;4.99819;-1.78185e-10
5911.18;7217.82;GNS2;SIG_PWR2;4.99819;4.99819;-1.77687e-10
5911.18;7250.82;SIG_PWR1;GND1;4.99819;4.99819;-1.03173e-10
5911.18;7250.82;GND1;GNS2;4.99819;4.99819;-1.0182e-10
5911.18;7250.82;GNS2;SIG_PWR2;4.99819;4.99819;-1.03173e-10
5915.18;5474.82;SIG_PWR1;GND1;0.000156065;0.000156478;-0.00266253
5915.18;5474.82;GND1;GNS2;0.000156478;0.000155354;0.00094768
5915.18;5474.82;GNS2;SIG_PWR2;0.000155354;0.000155354;1.74922e-16
5936.2;3430.14;SIG_PWR1;GND1;3.28952;3.28952;0.0057331
5936.2;3430.14;GND1;GNS2;3.28952;3.28952;0.0057331
5936.2;3430.14;GNS2;SIG_PWR2;3.28952;3.28952;0.0057331
5928.18;3976.82;SIG_PWR1;GND1;0.000133209;0.000133025;0.0011901
5928.18;3976.82;GND1;GNS2;0.000133025;0.000135163;-0.00180253
5928.18;3976.82;GNS2;SIG_PWR2;0.000135163;0.000135163;1.74922e-16
5945.94;7665.19;SIG_PWR1;GND1;0.00012689;0.000126877;0.000181227
5945.94;7665.19;GND1;GNS2;0.000126877;0.000126351;0.000994676
5945.94;7665.19;GNS2;SIG_PWR2;0.000126351;0.000126292;0.000844047
5945.18;7368.82;SIG_PWR1;GND1;0.000128563;0.000128599;-0.000231715
5945.18;7368.82;GND1;GNS2;0.000128599;0.000126996;0.00135088
5945.18;7368.82;GNS2;SIG_PWR2;0.000126996;0.000126622;0.00241482
5964.9;5743.82;SIG_PWR1;GND1;0.000148118;0.000147789;0.0021281
5964.9;5743.82;GND1;GNS2;0.000147789;0.000144031;0.00316751
5964.9;5743.82;GNS2;SIG_PWR2;0.000144031;0.000143062;0.00625072
5966.67;5469.82;SIG_PWR1;GND1;0.000156288;0.000156923;-0.00410003
5966.67;5469.82;GND1;GNS2;0.000156923;0.000155245;0.00141446
5966.67;5469.82;GNS2;SIG_PWR2;0.000155245;0.000155245;1.74922e-16
5967.18;4935.82;SIG_PWR1;GND1;3.28875;3.28875;-0.0228546
5967.18;4935.82;GND1;GNS2;3.28875;3.28878;-0.0228546
5967.18;4935.82;GNS2;SIG_PWR2;3.28878;3.28878;-0.0228546
5978.18;7216.82;SIG_PWR1;GND1;4.99819;4.99819;-5.73184e-11
5978.18;7216.82;GND1;GNS2;4.99819;4.99819;-5.83969e-11
5978.18;7216.82;GNS2;SIG_PWR2;4.99819;4.99819;-6.30503e-11
5978.18;7249.82;SIG_PWR1;GND1;4.99819;4.99819;-7.4514e-11
5978.18;7249.82;GND1;GNS2;4.99819;4.99819;-7.48678e-11
5978.18;7249.82;GNS2;SIG_PWR2;4.99819;4.99819;-8.02458e-11
6000.07;7647.67;SIG_PWR1;GND1;0.000125159;0.00012512;0.000419136
6000.07;7647.67;GND1;GNS2;0.00012512;0.00012462;0.000712666
6000.07;7647.67;GNS2;SIG_PWR2;0.00012462;0.000124586;0.000365755
6000.07;7811.06;SIG_PWR1;GND1;0.000125632;0.000125469;0.00178241
6000.07;7811.06;GND1;GNS2;0.000125469;0.000124712;0.00107766
6000.07;7811.06;GNS2;SIG_PWR2;0.000124712;0.000124673;0.000422699
5998.93;4161.58;SIG_PWR1;GND1;4.90975e-05;4.91485e-05;-0.000329096
5998.93;4161.58;GND1;GNS2;4.91485e-05;4.95389e-05;-0.000329096
5998.93;4161.58;GNS2;SIG_PWR2;4.95389e-05;4.95899e-05;-0.000329096
6015.18;5292.82;SIG_PWR1;GND1;0.000185881;0.000183426;0.0158379
6015.18;5292.82;GND1;GNS2;0.000183426;0.000173526;0.00834525
6015.18;5292.82;GNS2;SIG_PWR2;0.000173526;0.000174696;-0.00754843
6016.18;6454.82;SIG_PWR1;GND1;0.000138652;0.000138052;0.00386847
6016.18;6454.82;GND1;GNS2;0.000138052;0.000137201;0.000717319
6016.18;6454.82;GNS2;SIG_PWR2;0.000137201;0.000138338;-0.00733601
6018.18;4989.82;SIG_PWR1;GND1;0.00020894;0.000199934;0.0581183
6018.18;4989.82;GND1;GNS2;0.000199934;0.000177102;0.0192462
6018.18;4989.82;GNS2;SIG_PWR2;0.000177102;0.000177976;-0.00564241
6018.18;5669.82;SIG_PWR1;GND1;0.000149156;0.000149106;0.000326498
6018.18;5669.82;GND1;GNS2;0.000149106;0.000145334;0.00317964
6018.18;5669.82;GNS2;SIG_PWR2;0.000145334;0.000144342;0.00640109
6023.18;7216.82;SIG_PWR1;GND1;4.99819;4.99819;-5.73184e-11
6023.18;7216.82;GND1;GNS2;4.99819;4.99819;-5.98943e-11
6023.18;7216.82;GNS2;SIG_PWR2;4.99819;4.99819;-5.73184e-11
6059.18;4657.82;SIG_PWR1;GND1;0.000155185;0.000154614;0.00368546
6059.18;4657.82;GND1;GNS2;0.000154614;0.000149255;0.00451801
6059.18;4657.82;GNS2;SIG_PWR2;0.000149255;0.000148768;0.00313773
6060.18;7245.82;SIG_PWR1;GND1;4.99819;4.99819;-5.73184e-11
6060.18;7245.82;GND1;GNS2;4.99819;4.99819;-5.61509e-11
6060.18;7245.82;GNS2;SIG_PWR2;4.99819;4.99819;-6.30503e-11
6061.18;7298.82;SIG_PWR1;GND1;0.000126151;0.000126052;0.00064192
6061.18;7298.82;GND1;GNS2;0.000126052;0.000124481;0.00132423
6061.18;7298.82;GNS2;SIG_PWR2;0.000124481;0.000124166;0.0020349
6066.87;5240.85;SIG_PWR1;GND1;0.000196449;0.00019285;0.0232241
6066.87;5240.85;GND1;GNS2;0.00019285;0.000176878;0.0134636
6066.87;5240.85;GNS2;SIG_PWR2;0.000176878;0.000176866;7.44995e-05
6066.99;5139.78;SIG_PWR1;GND1;0.000213065;0.000208047;0.0323833
6066.99;5139.78;GND1;GNS2;0.000208047;0.000182587;0.0214618
6066.99;5139.78;GNS2;SIG_PWR2;0.000182587;0.000181554;0.00666567
6067.11;5038.71;SIG_PWR1;GND1;0.000226179;0.000214991;0.0722009
6067.11;5038.71;GND1;GNS2;0.000214991;0.000182815;0.0271227
6067.11;5038.71;GNS2;SIG_PWR2;0.000182815;0.000181815;0.00645068
6073.34;4891.83;SIG_PWR1;GND1;1.09408;1.0941;-0.114284
6073.34;4891.83;GND1;GNS2;1.0941;1.09423;-0.114284
6073.34;4891.83;GNS2;SIG_PWR2;1.09423;1.09425;-0.114284
6075.18;7907.82;SIG_PWR1;GND1;0.000124787;0.000124324;0.00298966
6075.18;7907.82;GND1;GNS2;0.000124324;0.000122956;0.00115356
6075.18;7907.82;GNS2;SIG_PWR2;0.000122956;0.000122747;0.00134552
6076.18;4563.82;SIG_PWR1;GND1;3.29174;3.29176;-0.129297
6076.18;4563.82;GND1;GNS2;3.29176;3.29191;-0.129297
6076.18;4563.82;GNS2;SIG_PWR2;3.29191;3.29193;-0.129297
6076.18;4610.82;SIG_PWR1;GND1;3.29177;3.29178;-0.0920115
6076.18;4610.82;GND1;GNS2;3.29178;3.29189;-0.0920115
6076.18;4610.82;GNS2;SIG_PWR2;3.29189;3.29191;-0.0920115
6082.9;5863.82;SIG_PWR1;GND1;0.000143721;0.000142889;0.00537408
6082.9;5863.82;GND1;GNS2;0.000142889;0.000138356;0.003821
6082.9;5863.82;GNS2;SIG_PWR2;0.000138356;0.000137425;0.00600798
6101.18;4772.82;SIG_PWR1;GND1;0.000162226;0.000162834;-0.00392323
6101.18;4772.82;GND1;GNS2;0.000162834;0.000155252;0.00639125
6101.18;4772.82;GNS2;SIG_PWR2;0.000155252;0.00015434;0.00588346
6112.18;7290.82;SIG_PWR1;GND1;4.99819;4.99819;-3.32447e-10
6112.18;7290.82;GND1;GNS2;4.99819;4.99819;-3.34659e-10
6112.18;7290.82;GNS2;SIG_PWR2;4.99819;4.99819;-3.38179e-10
6113.18;3458.82;SIG_PWR1;GND1;0.000122269;0.000121655;0.00395998
6113.18;3458.82;GND1;GNS2;0.000121655;0.000128651;-0.00589662
6113.18;3458.82;GNS2;SIG_PWR2;0.000128651;0.000131997;-0.0215956
6122.18;4563.57;SIG_PWR1;GND1;3.29177;3.29179;-0.14068
6122.18;4563.57;GND1;GNS2;3.29179;3.29196;-0.14068
6122.18;4563.57;GNS2;SIG_PWR2;3.29196;3.29198;-0.14068
6122.18;4609.82;SIG_PWR1;GND1;3.29178;3.2918;-0.124891
6122.18;4609.82;GND1;GNS2;3.2918;3.29195;-0.124891
6122.18;4609.82;GNS2;SIG_PWR2;3.29195;3.29197;-0.124891
6122.74;5388.82;SIG_PWR1;GND1;2.49742;2.49743;-0.0454045
6122.74;5388.82;GND1;GNS2;2.49743;2.49748;-0.0454045
6122.74;5388.82;GNS2;SIG_PWR2;2.49748;2.49749;-0.0454045
6137.18;3835.82;SIG_PWR1;GND1;0.000126345;0.000125336;0.00651122
6137.18;3835.82;GND1;GNS2;0.000125336;0.000132449;-0.00599587
6137.18;3835.82;GNS2;SIG_PWR2;0.000132449;0.000136755;-0.0277884
6138.18;4773.82;SIG_PWR1;GND1;3.29202;3.29203;-0.0239253
6138.18;4773.82;GND1;GNS2;3.29203;3.29205;-0.0239253
6138.18;4773.82;GNS2;SIG_PWR2;3.29205;3.29206;-0.0239253
6157.18;5371.82;SIG_PWR1;GND1;1.09462;1.09464;-0.115095
6157.18;5371.82;GND1;GNS2;1.09464;1.09478;-0.115095
6157.18;5371.82;GNS2;SIG_PWR2;1.09478;1.0948;-0.115095
6167.94;5240.96;SIG_PWR1;GND1;0.000198388;0.000194251;0.0267006
6167.94;5240.96;GND1;GNS2;0.000194251;0.000175808;0.0155457
6167.94;5240.96;GNS2;SIG_PWR2;0.000175808;0.000175808;1.74922e-16
6168.06;5139.89;SIG_PWR1;GND1;0.000245505;0.000226411;0.123217
6168.06;5139.89;GND1;GNS2;0.000226411;0.000185979;0.0340823
6168.06;5139.89;GNS2;SIG_PWR2;0.000185979;0.000185979;1.74922e-16
6168.18;5038.82;SIG_PWR1;GND1;0.000235358;0.000221225;0.0912108
6168.18;5038.82;GND1;GNS2;0.000221225;0.000184164;0.0312402
6168.18;5038.82;GNS2;SIG_PWR2;0.000184164;0.000184164;1.74922e-16
6184.18;4609.82;SIG_PWR1;GND1;0.000148291;0.000146849;0.00930642
6184.18;4609.82;GND1;GNS2;0.000146849;0.000141016;0.00491616
6184.18;4609.82;GNS2;SIG_PWR2;0.000141016;0.000141016;1.74922e-16
6187.18;4899.82;SIG_PWR1;GND1;7.20369e-05;7.19859e-05;0.000329149
6187.18;4899.82;GND1;GNS2;7.19859e-05;7.15954e-05;0.000329149
6187.18;4899.82;GNS2;SIG_PWR2;7.15954e-05;7.15444e-05;0.000329149
6189.18;5707.82;SIG_PWR1;GND1;0.000143964;0.000143501;0.00298816
6189.18;5707.82;GND1;GNS2;0.000143501;0.000139822;0.00310109
6189.18;5707.82;GNS2;SIG_PWR2;0.000139822;0.000139924;-0.000656048
6204.96;4132.68;SIG_PWR1;GND1;0.000118578;0.00012032;-0.0112383
6204.96;4132.68;GND1;GNS2;0.00012032;0.000125652;-0.00449477
6204.96;4132.68;GNS2;SIG_PWR2;0.000125652;0.00012705;-0.00902119
6204.96;7675.99;SIG_PWR1;GND1;0.000117498;0.000118449;-0.0061395
6204.96;7675.99;GND1;GNS2;0.000118449;0.000119174;-0.000610391
6204.96;7675.99;GNS2;SIG_PWR2;0.000119174;0.000119013;0.00103435
6213.18;5389.82;SIG_PWR1;GND1;2.49748;2.49749;-0.0782978
6213.18;5389.82;GND1;GNS2;2.49749;2.49759;-0.0782978
6213.18;5389.82;GNS2;SIG_PWR2;2.49759;2.4976;-0.0782978
6213.18;5416.82;SIG_PWR1;GND1;2.49751;2.49751;-0.054522
6213.18;5416.82;GND1;GNS2;2.49751;2.49758;-0.054522
6213.18;5416.82;GNS2;SIG_PWR2;2.49758;2.49759;-0.054522
6269.01;5241.08;SIG_PWR1;GND1;0.000190038;0.000185051;0.0321887
6269.01;5241.08;GND1;GNS2;0.000185051;0.000167401;0.0148776
6269.01;5241.08;GNS2;SIG_PWR2;0.000167401;0.000167564;-0.00105172
6269.13;5140.01;SIG_PWR1;GND1;0.000206487;0.000199183;0.0471393
6269.13;5140.01;GND1;GNS2;0.000199183;0.000171784;0.0230955
6269.13;5140.01;GNS2;SIG_PWR2;0.000171784;0.00017081;0.00628318
6269.25;5038.94;SIG_PWR1;GND1;0.000218976;0.000206086;0.0831861
6269.25;5038.94;GND1;GNS2;0.000206086;0.000172681;0.0281581
6269.25;5038.94;GNS2;SIG_PWR2;0.000172681;0.000172155;0.00339549
6300.18;4784.82;SIG_PWR1;GND1;3.29211;3.29211;-0.000329259
6300.18;4784.82;GND1;GNS2;3.29211;3.29211;-0.000329259
6300.18;4784.82;GNS2;SIG_PWR2;3.29211;3.29211;-0.000329259
6304.13;4872.87;SIG_PWR1;GND1;0.000158565;0.000159387;-0.00530449
6304.13;4872.87;GND1;GNS2;0.000159387;0.000150377;0.00759481
6304.13;4872.87;GNS2;SIG_PWR2;0.000150377;0.000150377;-0
6312.18;4992.82;SIG_PWR1;GND1;0.000200926;0.000190009;0.0704549
6312.18;4992.82;GND1;GNS2;0.000190009;0.000163192;0.0226047
6312.18;4992.82;GNS2;SIG_PWR2;0.000163192;0.000163192;5.24766e-16
6314.18;5287.82;SIG_PWR1;GND1;0.000176181;0.000173508;0.0172475
6314.18;5287.82;GND1;GNS2;0.000173508;0.00016134;0.010257
6314.18;5287.82;GNS2;SIG_PWR2;0.00016134;0.000162677;-0.00862695
6320.91;3416.18;SIG_PWR1;GND1;0.000107796;0.000108339;-0.00592229
6320.91;3416.18;GND1;GNS2;0.000108339;0.000113118;-0.00680397
6320.91;3416.18;GNS2;SIG_PWR2;0.000113118;0.000113882;-0.00832814
6320.91;3579.57;SIG_PWR1;GND1;0.00010787;0.000108671;-0.00873152
6320.91;3579.57;GND1;GNS2;0.000108671;0.000115009;-0.00902424
6320.91;3579.57;GNS2;SIG_PWR2;0.000115009;0.00011649;-0.0161404
6327.18;4577.82;SIG_PWR1;GND1;3.292;3.29202;-0.130436
6327.18;4577.82;GND1;GNS2;3.29202;3.29218;-0.130436
6327.18;4577.82;GNS2;SIG_PWR2;3.29218;3.2922;-0.130436
6363.18;6019.82;SIG_PWR1;GND1;0.000128029;0.000128237;-0.0013431
6363.18;6019.82;GND1;GNS2;0.000128237;0.000125612;0.00221251
6363.18;6019.82;GNS2;SIG_PWR2;0.000125612;0.00012483;0.00504987
6379.38;3557.72;SIG_PWR1;GND1;0.000104231;0.000105171;-0.0135883
6379.38;3557.72;GND1;GNS2;0.000105171;0.000109929;-0.00898545
6379.38;3557.72;GNS2;SIG_PWR2;0.000109929;0.00011024;-0.00449094
6397.18;5352.82;SIG_PWR1;GND1;1.09533;1.09533;-0.0294573
6397.18;5352.82;GND1;GNS2;1.09533;1.09536;-0.0294573
6397.18;5352.82;GNS2;SIG_PWR2;1.09536;1.09537;-0.0294573
6425.18;5331.82;SIG_PWR1;GND1;1.09535;1.09536;-0.0866734
6425.18;5331.82;GND1;GNS2;1.09536;1.09546;-0.0866734
6425.18;5331.82;GNS2;SIG_PWR2;1.09546;1.09548;-0.0866734
6443.18;5026.57;SIG_PWR1;GND1;3.29054;3.29055;-0.0469334
6443.18;5026.57;GND1;GNS2;3.29055;3.29061;-0.0469334
6443.18;5026.57;GNS2;SIG_PWR2;3.29061;3.29061;-0.0469334
6463.18;4905.82;SIG_PWR1;GND1;0.00014258;0.00014258;-1.74922e-16
6463.18;4905.82;GND1;GNS2;0.00014258;0.00013599;0.00555497
6463.18;4905.82;GNS2;SIG_PWR2;0.00013599;0.00013599;-0
6477.18;6061.82;SIG_PWR1;GND1;0.000123282;0.000123359;-0.00049659
6477.18;6061.82;GND1;GNS2;0.000123359;0.000121423;0.00163191
6477.18;6061.82;GNS2;SIG_PWR2;0.000121423;0.000121153;0.00174173
6500.24;7675.99;SIG_PWR1;GND1;0.000110252;0.000110697;-0.00286963
6500.24;7675.99;GND1;GNS2;0.000110697;0.000110954;-0.000216604
6500.24;7675.99;GNS2;SIG_PWR2;0.000110954;0.000110814;0.000902532
6516.58;4004.52;SIG_PWR1;GND1;4.99819;4.99819;-2.46469e-10
6516.58;4004.52;GND1;GNS2;4.99819;4.99819;-2.53053e-10
6516.58;4004.52;GNS2;SIG_PWR2;4.99819;4.99819;-2.52201e-10
6516.58;4039.52;SIG_PWR1;GND1;4.99819;4.99819;-3.38179e-10
6516.58;4039.52;GND1;GNS2;4.99819;4.99819;-3.41397e-10
6516.58;4039.52;GNS2;SIG_PWR2;4.99819;4.99819;-3.43911e-10
6521.18;5286.82;SIG_PWR1;GND1;3.29079;3.29079;-0.0235024
6521.18;5286.82;GND1;GNS2;3.29079;3.29082;-0.0235024
6521.18;5286.82;GNS2;SIG_PWR2;3.29082;3.29082;-0.0235024
6535.18;5474.82;SIG_PWR1;GND1;0.000131568;0.000131568;3.49844e-16
6535.18;5474.82;GND1;GNS2;0.000131568;0.000123276;0.00699015
6535.18;5474.82;GNS2;SIG_PWR2;0.000123276;0.000120725;0.0164643
6551.18;6186.82;SIG_PWR1;GND1;0.000121027;0.000120545;0.00311157
6551.18;6186.82;GND1;GNS2;0.000120545;0.000118304;0.00188908
6551.18;6186.82;GNS2;SIG_PWR2;0.000118304;0.000118129;0.0011328
6583.58;4006.52;SIG_PWR1;GND1;4.99819;4.99819;-2.46469e-10
6583.58;4006.52;GND1;GNS2;4.99819;4.99819;-2.48561e-10
6583.58;4006.52;GNS2;SIG_PWR2;4.99819;4.99819;-2.52201e-10
6583.58;4039.52;SIG_PWR1;GND1;4.99819;4.99819;-3.15251e-10
6583.58;4039.52;GND1;GNS2;4.99819;4.99819;-3.18188e-10
6583.58;4039.52;GNS2;SIG_PWR2;4.99819;4.99819;-3.20983e-10
6606.94;3557.72;SIG_PWR1;GND1;9.21235e-05;9.2177e-05;-0.000772725
6606.94;3557.72;GND1;GNS2;9.2177e-05;9.2958e-05;-0.00147491
6606.94;3557.72;GNS2;SIG_PWR2;9.2958e-05;9.29488e-05;0.000133575
6602.18;6275.82;SIG_PWR1;GND1;0.000119754;0.00011886;0.00576512
6602.18;6275.82;GND1;GNS2;0.00011886;0.000116324;0.00213804
6602.18;6275.82;GNS2;SIG_PWR2;0.000116324;0.000116217;0.000689351
6618.18;5026.82;SIG_PWR1;GND1;0.00012711;0.00012711;-6.99688e-16
6618.18;5026.82;GND1;GNS2;0.00012711;0.000122159;0.00417286
6618.18;5026.82;GNS2;SIG_PWR2;0.000122159;0.000121769;0.00251713
6628.18;4993.82;SIG_PWR1;GND1;5.86127e-05;5.86637e-05;-0.000329149
6628.18;4993.82;GND1;GNS2;5.86637e-05;5.90542e-05;-0.000329149
6628.18;4993.82;GNS2;SIG_PWR2;5.90542e-05;5.91052e-05;-0.000329149
6645.18;4757.27;SIG_PWR1;GND1;0.000115321;0.000114015;0.00842646
6645.18;4757.27;GND1;GNS2;0.000114015;0.000105985;0.00676889
6645.18;4757.27;GNS2;SIG_PWR2;0.000105985;0.000103534;0.0158161
6648.18;6059.82;SIG_PWR1;GND1;0.00011857;0.000117967;0.0038935
6648.18;6059.82;GND1;GNS2;0.000117967;0.000116425;0.00129987
6648.18;6059.82;GNS2;SIG_PWR2;0.000116425;0.000117012;-0.00378832
6661.07;3416.18;SIG_PWR1;GND1;8.72126e-05;8.71828e-05;0.0003246
6661.07;3416.18;GND1;GNS2;8.71828e-05;8.84183e-05;-0.00175912
6661.07;3416.18;GNS2;SIG_PWR2;8.84183e-05;8.87561e-05;-0.00368234
6661.07;3579.57;SIG_PWR1;GND1;8.72285e-05;8.71356e-05;0.00101196
6661.07;3579.57;GND1;GNS2;8.71356e-05;8.65764e-05;0.000796291
6661.07;3579.57;GNS2;SIG_PWR2;8.65764e-05;8.60812e-05;0.00539715
6675.58;4006.52;SIG_PWR1;GND1;4.99819;4.99819;-2.75128e-10
6675.58;4006.52;GND1;GNS2;4.99819;4.99819;-2.71022e-10
6675.58;4006.52;GNS2;SIG_PWR2;4.99819;4.99819;-2.75128e-10
6675.58;4039.52;SIG_PWR1;GND1;4.99819;4.99819;-3.20983e-10
6675.58;4039.52;GND1;GNS2;4.99819;4.99819;-3.26424e-10
6675.58;4039.52;GNS2;SIG_PWR2;4.99819;4.99819;-3.26715e-10
6688.21;4566.75;SIG_PWR1;GND1;9.94522e-05;0.00010001;-0.00360037
6688.21;4566.75;GND1;GNS2;0.00010001;9.69816e-05;0.00255283
6688.21;4566.75;GNS2;SIG_PWR2;9.69816e-05;9.53939e-05;0.0102461
6697.18;3902.82;SIG_PWR1;GND1;8.65771e-05;8.66442e-05;-0.00043342
6697.18;3902.82;GND1;GNS2;8.66442e-05;8.80059e-05;-0.00114781
6697.18;3902.82;GNS2;SIG_PWR2;8.80059e-05;8.86986e-05;-0.0044702
6713.18;6179.82;SIG_PWR1;GND1;0.000116778;0.000115389;0.0089652
6713.18;6179.82;GND1;GNS2;0.000115389;0.000113546;0.00155304
6713.18;6179.82;GNS2;SIG_PWR2;0.000113546;0.000114421;-0.0056431
6742.58;4005.52;SIG_PWR1;GND1;4.99819;4.99819;-3.26715e-10
6742.58;4005.52;GND1;GNS2;4.99819;4.99819;-3.1145e-10
6742.58;4005.52;GNS2;SIG_PWR2;4.99819;4.99819;-3.15251e-10
6742.58;4038.52;SIG_PWR1;GND1;4.99819;4.99819;-3.49643e-10
6742.58;4038.52;GND1;GNS2;4.99819;4.99819;-3.51879e-10
6742.58;4038.52;GNS2;SIG_PWR2;4.99819;4.99819;-3.55374e-10
6771.18;4929.82;SIG_PWR1;GND1;3.29128;3.29127;0.0704358
6771.18;4929.82;GND1;GNS2;3.29127;3.29119;0.0704358
6771.18;4929.82;GNS2;SIG_PWR2;3.29119;3.29118;0.0704358
6774.18;6431.82;SIG_PWR1;GND1;3.29985;3.29985;-0.00161869
6774.18;6431.82;GND1;GNS2;3.29985;3.29985;-0.00161869
6774.18;6431.82;GNS2;SIG_PWR2;3.29985;3.29985;-0.00161869
6781.97;5358.03;SIG_PWR1;GND1;0.00010651;0.00010651;-4.37305e-16
6781.97;5358.03;GND1;GNS2;0.00010651;9.86926e-05;0.00658989
6781.97;5358.03;GNS2;SIG_PWR2;9.86926e-05;9.51876e-05;0.0226198
6795.51;3542.13;SIG_PWR1;GND1;7.8342e-05;7.86698e-05;-0.00211542
6795.51;3542.13;GND1;GNS2;7.86698e-05;7.89259e-05;-0.000215888
6795.51;3542.13;GNS2;SIG_PWR2;7.89259e-05;7.86331e-05;0.00188969
6795.51;7675.99;SIG_PWR1;GND1;0.000103451;0.000103652;-0.00129666
6795.51;7675.99;GND1;GNS2;0.000103652;0.000103654;-1.38851e-06
6795.51;7675.99;GNS2;SIG_PWR2;0.000103654;0.000103572;0.000526082
6798.9;3691.82;SIG_PWR1;GND1;7.93625e-05;7.94146e-05;-0.000336098
6798.9;3691.82;GND1;GNS2;7.94146e-05;7.8064e-05;0.00113852
6798.9;3691.82;GNS2;SIG_PWR2;7.8064e-05;7.68599e-05;0.00777011
6837.18;6431.82;SIG_PWR1;GND1;3.29985;3.29985;-0.00135306
6837.18;6431.82;GND1;GNS2;3.29985;3.29985;-0.00135306
6837.18;6431.82;GNS2;SIG_PWR2;3.29985;3.29985;-0.00135306
6840.18;4918.82;SIG_PWR1;GND1;1.0976;1.09757;0.184136
6840.18;4918.82;GND1;GNS2;1.09757;1.09735;0.184136
6840.18;4918.82;GNS2;SIG_PWR2;1.09735;1.09733;0.184136
6866.18;4894.82;SIG_PWR1;GND1;1.09763;1.09761;0.161374
6866.18;4894.82;GND1;GNS2;1.09761;1.09742;0.161374
6866.18;4894.82;GNS2;SIG_PWR2;1.09742;1.09739;0.161374
6870.18;6360.08;SIG_PWR1;GND1;0.000105126;0.000105314;-0.00121213
6870.18;6360.08;GND1;GNS2;0.000105314;0.00010575;-0.000367198
6870.18;6360.08;GNS2;SIG_PWR2;0.00010575;0.000106245;-0.00319612
6873.92;6188.82;SIG_PWR1;GND1;0.000105367;0.000105367;-8.7461e-17
6873.92;6188.82;GND1;GNS2;0.000105367;0.000104122;0.00104909
6873.92;6188.82;GNS2;SIG_PWR2;0.000104122;0.000103811;0.00200669
6898.18;6431.82;SIG_PWR1;GND1;3.29985;3.29985;-0.000658553
6898.18;6431.82;GND1;GNS2;3.29985;3.29985;-0.000658553
6898.18;6431.82;GNS2;SIG_PWR2;3.29985;3.29985;-0.000658553
6940.18;3453.82;SIG_PWR1;GND1;6.83151e-05;6.84545e-05;-0.000899569
6940.18;3453.82;GND1;GNS2;6.84545e-05;6.92736e-05;-0.000690456
6940.18;3453.82;GNS2;SIG_PWR2;6.92736e-05;6.93484e-05;-0.000483015
6943.15;3837.41;SIG_PWR1;GND1;7.13554e-05;7.05778e-05;0.00501867
6943.15;3837.41;GND1;GNS2;7.05778e-05;6.82738e-05;0.00194213
6943.15;3837.41;GNS2;SIG_PWR2;6.82738e-05;6.72275e-05;0.0067522
6957.18;6430.82;SIG_PWR1;GND1;3.29985;3.29985;-0.000170479
6957.18;6430.82;GND1;GNS2;3.29985;3.29985;-0.000170479
6957.18;6430.82;GNS2;SIG_PWR2;3.29985;3.29985;-0.000170479
7020.18;6430.82;SIG_PWR1;GND1;3.29985;3.29985;-0.000278709
7020.18;6430.82;GND1;GNS2;3.29985;3.29985;-0.000278709
7020.18;6430.82;GNS2;SIG_PWR2;3.29985;3.29985;-0.000278709
7028.18;6369.82;SIG_PWR1;GND1;9.73161e-05;9.73583e-05;-0.000272111
7028.18;6369.82;GND1;GNS2;9.73583e-05;9.67498e-05;0.000512933
7028.18;6369.82;GNS2;SIG_PWR2;9.67498e-05;9.67493e-05;3.13237e-06
7030.18;6186.82;SIG_PWR1;GND1;9.74338e-05;9.74338e-05;3.49844e-16
7030.18;6186.82;GND1;GNS2;9.74338e-05;9.65769e-05;0.000722315
7030.18;6186.82;GNS2;SIG_PWR2;9.65769e-05;9.65845e-05;-4.86951e-05
7064.18;4745.82;SIG_PWR1;GND1;6.17199e-05;6.36597e-05;-0.0125188
7064.18;4745.82;GND1;GNS2;6.36597e-05;6.75296e-05;-0.0032621
7064.18;4745.82;GNS2;SIG_PWR2;6.75296e-05;6.70043e-05;0.00339012
7081.18;6430.82;SIG_PWR1;GND1;3.29985;3.29985;-0.000182351
7081.18;6430.82;GND1;GNS2;3.29985;3.29985;-0.000182351
7081.18;6430.82;GNS2;SIG_PWR2;3.29985;3.29985;-0.000182351
7090.79;3542.13;SIG_PWR1;GND1;5.81014e-05;5.81136e-05;-7.87036e-05
7090.79;3542.13;GND1;GNS2;5.81136e-05;5.90312e-05;-0.000773453
7090.79;3542.13;GNS2;SIG_PWR2;5.90312e-05;5.91521e-05;-0.000780242
7090.79;7675.99;SIG_PWR1;GND1;9.52958e-05;9.53513e-05;-0.00035854
7090.79;7675.99;GND1;GNS2;9.53513e-05;9.52294e-05;0.00010282
7090.79;7675.99;GNS2;SIG_PWR2;9.52294e-05;9.52284e-05;6.28424e-06
7099.18;4045.82;SIG_PWR1;GND1;5.94485e-05;5.89289e-05;0.00335366
7099.18;4045.82;GND1;GNS2;5.89289e-05;5.7017e-05;0.0016116
7099.18;4045.82;GNS2;SIG_PWR2;5.7017e-05;5.5411e-05;0.010364
7139.18;6430.82;SIG_PWR1;GND1;3.29985;3.29985;-0.00017643
7139.18;6430.82;GND1;GNS2;3.29985;3.29985;-0.00017643
7139.18;6430.82;GNS2;SIG_PWR2;3.29985;3.29986;-0.00017643
7183.18;6377.82;SIG_PWR1;GND1;9.24131e-05;9.22989e-05;0.000736816
7183.18;6377.82;GND1;GNS2;9.22989e-05;9.08882e-05;0.00118913
7183.18;6377.82;GNS2;SIG_PWR2;9.08882e-05;9.07965e-05;0.000592256
7184.18;4838.82;SIG_PWR1;GND1;2.49922;2.49921;0.0809464
7184.18;4838.82;GND1;GNS2;2.49921;2.49912;0.0809464
7184.18;4838.82;GNS2;SIG_PWR2;2.49912;2.4991;0.0809464
7185.18;6189.82;SIG_PWR1;GND1;9.09621e-05;9.09621e-05;-8.7461e-17
7185.18;6189.82;GND1;GNS2;9.09621e-05;8.97859e-05;0.00099153
7185.18;6189.82;GNS2;SIG_PWR2;8.97859e-05;8.98161e-05;-0.000195411
7202.18;6430.82;SIG_PWR1;GND1;3.29986;3.29986;-0.000234018
7202.18;6430.82;GND1;GNS2;3.29986;3.29986;-0.000234018
7202.18;6430.82;GNS2;SIG_PWR2;3.29986;3.29986;-0.000234018
7206.18;5032.82;SIG_PWR1;GND1;5.63568e-05;5.66574e-05;-0.00194018
7206.18;5032.82;GND1;GNS2;5.66574e-05;6.17818e-05;-0.00431949
7206.18;5032.82;GNS2;SIG_PWR2;6.17818e-05;6.27499e-05;-0.00624774
7225.18;4838.82;SIG_PWR1;GND1;2.49927;2.49925;0.0972779
7225.18;4838.82;GND1;GNS2;2.49925;2.49914;0.0972779
7225.18;4838.82;GNS2;SIG_PWR2;2.49914;2.49912;0.0972779
7263.18;6430.82;SIG_PWR1;GND1;3.29986;3.29986;-0.000316593
7263.18;6430.82;GND1;GNS2;3.29986;3.29986;-0.000316593
7263.18;6430.82;GNS2;SIG_PWR2;3.29986;3.29986;-0.000316593
7299.18;4427.82;SIG_PWR1;GND1;3.29502;3.29502;-1.14637e-11
7299.18;4427.82;GND1;GNS2;3.29502;3.29502;-1.45992e-11
7299.18;4427.82;GNS2;SIG_PWR2;3.29502;3.29502;-1.71955e-11
7301.18;4309.82;SIG_PWR1;GND1;4.99819;4.99819;-5.73185e-12
7301.18;4309.82;GND1;GNS2;4.99819;4.99819;-1.49736e-12
7301.18;4309.82;GNS2;SIG_PWR2;4.99819;4.99819;-5.73185e-12
7313.18;6353.82;SIG_PWR1;GND1;9.04471e-05;8.94842e-05;0.00621371
7313.18;6353.82;GND1;GNS2;8.94842e-05;8.63618e-05;0.002632
7313.18;6353.82;GNS2;SIG_PWR2;8.63618e-05;8.619e-05;0.00110873
7323.18;6431.82;SIG_PWR1;GND1;3.29986;3.29986;-0.00060647
7323.18;6431.82;GND1;GNS2;3.29986;3.29986;-0.00060647
7323.18;6431.82;GNS2;SIG_PWR2;3.29986;3.29986;-0.00060647
7333.18;3868.82;SIG_PWR1;GND1;2.18443e-05;2.17933e-05;0.000329149
7333.18;3868.82;GND1;GNS2;2.17933e-05;2.14028e-05;0.000329149
7333.18;3868.82;GNS2;SIG_PWR2;2.14028e-05;2.13518e-05;0.000329149
7364.35;6191.38;SIG_PWR1;GND1;8.98978e-05;8.71827e-05;0.0175218
7364.35;6191.38;GND1;GNS2;8.71827e-05;8.12402e-05;0.00500914
7364.35;6191.38;GNS2;SIG_PWR2;8.12402e-05;8.05507e-05;0.00444988
7376.45;3445.19;SIG_PWR1;GND1;3.92129e-05;3.9429e-05;-0.00139478
7376.45;3445.19;GND1;GNS2;3.9429e-05;4.21163e-05;-0.00226521
7376.45;3445.19;GNS2;SIG_PWR2;4.21163e-05;4.27616e-05;-0.00416447
7385.18;3701.82;SIG_PWR1;GND1;3.77268e-05;3.79551e-05;-0.00147375
7385.18;3701.82;GND1;GNS2;3.79551e-05;4.00584e-05;-0.00177297
7385.18;3701.82;GNS2;SIG_PWR2;4.00584e-05;3.99959e-05;0.000403875
7386.07;3542.13;SIG_PWR1;GND1;3.8819e-05;3.90151e-05;-0.0012659
7386.07;3542.13;GND1;GNS2;3.90151e-05;4.14924e-05;-0.00208821
7386.07;3542.13;GNS2;SIG_PWR2;4.14924e-05;4.19514e-05;-0.00296201
7386.07;4132.68;SIG_PWR1;GND1;3.63631e-05;3.64656e-05;-0.000661931
7386.07;4132.68;GND1;GNS2;3.64656e-05;3.99243e-05;-0.00291544
7386.07;4132.68;GNS2;SIG_PWR2;3.99243e-05;4.00224e-05;-0.00063289
7386.07;5313.78;SIG_PWR1;GND1;5.35883e-05;5.45905e-05;-0.00646762
7386.07;5313.78;GND1;GNS2;5.45905e-05;5.92607e-05;-0.00393666
7386.07;5313.78;GNS2;SIG_PWR2;5.92607e-05;5.97754e-05;-0.00332184
7386.07;7675.99;SIG_PWR1;GND1;8.80733e-05;8.8036e-05;0.000240791
7386.07;7675.99;GND1;GNS2;8.8036e-05;8.78729e-05;0.000137482
7386.07;7675.99;GNS2;SIG_PWR2;8.78729e-05;8.79465e-05;-0.000474898
7386.18;6431.82;SIG_PWR1;GND1;3.29986;3.29986;-0.00106374
7386.18;6431.82;GND1;GNS2;3.29986;3.29986;-0.00106374
7386.18;6431.82;GNS2;SIG_PWR2;3.29986;3.29986;-0.00106374
7400.18;6170.82;SIG_PWR1;GND1;15.9999;15.9999;-0.001
7400.18;6170.82;GND1;GNS2;15.9999;15.9999;-0.001
7400.18;6170.82;GNS2;SIG_PWR2;15.9999;15.9999;-0.001
7438.18;6001.82;SIG_PWR1;GND1;7.43868e-05;7.5543e-05;-0.00746149
7438.18;6001.82;GND1;GNS2;7.5543e-05;7.58099e-05;-0.000224989
7438.18;6001.82;GNS2;SIG_PWR2;7.58099e-05;7.53515e-05;0.00295831
7445.63;6166.37;SIG_PWR1;GND1;-6.99993;-6.99993;0.001
7445.63;6166.37;GND1;GNS2;-6.99993;-6.99994;0.001
7445.63;6166.37;GNS2;SIG_PWR2;-6.99994;-6.99994;0.001
7447.18;6431.82;SIG_PWR1;GND1;3.29985;3.29986;-0.001605
7447.18;6431.82;GND1;GNS2;3.29986;3.29986;-0.001605
7447.18;6431.82;GNS2;SIG_PWR2;3.29986;3.29986;-0.001605
7495.19;6162.48;SIG_PWR1;GND1;10.3972;10.3973;-0.05
7495.19;6162.48;GND1;GNS2;10.3973;10.3973;-0.05
7495.19;6162.48;GNS2;SIG_PWR2;10.3973;10.3973;-0.05
7519.18;6431.82;SIG_PWR1;GND1;3.29985;3.29985;-0.00206595
7519.18;6431.82;GND1;GNS2;3.29985;3.29986;-0.00206595
7519.18;6431.82;GNS2;SIG_PWR2;3.29986;3.29986;-0.00206595
7584.18;4180.82;SIG_PWR1;GND1;8.79236;8.79236;-0.0621787
7584.18;4180.82;GND1;GNS2;8.79236;8.79244;-0.0621787
7584.18;4180.82;GNS2;SIG_PWR2;8.79244;8.79245;-0.0621787
7584.18;4220.82;SIG_PWR1;GND1;8.79237;8.79238;-0.0536265
7584.18;4220.82;GND1;GNS2;8.79238;8.79244;-0.0536265
7584.18;4220.82;GNS2;SIG_PWR2;8.79244;8.79245;-0.0536265
7584.18;6003.82;SIG_PWR1;GND1;6.99927e-05;7.03232e-05;-0.00213306
7584.18;6003.82;GND1;GNS2;7.03232e-05;7.0705e-05;-0.000321801
7584.18;6003.82;GNS2;SIG_PWR2;7.0705e-05;7.09053e-05;-0.00129321
7625.18;4180.82;SIG_PWR1;GND1;8.79228;8.7923;-0.123917
7625.18;4180.82;GND1;GNS2;8.7923;8.79245;-0.123917
7625.18;4180.82;GNS2;SIG_PWR2;8.79245;8.79247;-0.123917
7625.18;4220.82;SIG_PWR1;GND1;8.79234;8.79235;-0.0920778
7625.18;4220.82;GND1;GNS2;8.79235;8.79246;-0.0920778
7625.18;4220.82;GNS2;SIG_PWR2;8.79246;8.79248;-0.0920778
7630.18;5838.82;SIG_PWR1;GND1;6.47954e-05;6.48708e-05;-0.000486234
7630.18;5838.82;GND1;GNS2;6.48708e-05;6.67585e-05;-0.00159122
7630.18;5838.82;GNS2;SIG_PWR2;6.67585e-05;6.78884e-05;-0.00729174
7634.54;3592.55;SIG_PWR1;GND1;2.20119e-05;2.23814e-05;-0.00238463
7634.54;3592.55;GND1;GNS2;2.23814e-05;2.5181e-05;-0.00235987
7634.54;3592.55;GNS2;SIG_PWR2;2.5181e-05;2.49695e-05;0.0013651
7637.18;6357.82;SIG_PWR1;GND1;8.00718e-05;7.80836e-05;0.012831
7637.18;6357.82;GND1;GNS2;7.80836e-05;7.27596e-05;0.00448774
7637.18;6357.82;GNS2;SIG_PWR2;7.27596e-05;7.18376e-05;0.00595048
7649.18;4941.82;SIG_PWR1;GND1;-3.26097e-05;-2.29215e-05;-0.0625223
7649.18;4941.82;GND1;GNS2;-2.29215e-05;3.06035e-06;-0.0219011
7649.18;4941.82;GNS2;SIG_PWR2;3.06035e-06;2.22541e-06;0.00538823
7661.18;3963.82;SIG_PWR1;GND1;1.35752e-05;1.43846e-05;-0.00522341
7661.18;3963.82;GND1;GNS2;1.43846e-05;2.12891e-05;-0.00582008
7661.18;3963.82;GNS2;SIG_PWR2;2.12891e-05;2.15482e-05;-0.00167187
7662.18;4778.82;SIG_PWR1;GND1;-4.82797e-05;-3.26008e-05;-0.101183
7662.18;4778.82;GND1;GNS2;-3.26008e-05;1.69301e-06;-0.0289075
7662.18;4778.82;GNS2;SIG_PWR2;1.69301e-06;1.83681e-06;-0.000928018
7662.45;5311.82;SIG_PWR1;GND1;3.74495e-05;3.80457e-05;-0.00384772
7662.45;5311.82;GND1;GNS2;3.80457e-05;4.50445e-05;-0.00589949
7662.45;5311.82;GNS2;SIG_PWR2;4.50445e-05;4.74567e-05;-0.0155673
7681.34;5904.34;SIG_PWR1;GND1;6.49147e-05;6.45817e-05;0.00214933
7681.34;5904.34;GND1;GNS2;6.45817e-05;6.57679e-05;-0.000999861
7681.34;5904.34;GNS2;SIG_PWR2;6.57679e-05;6.6982e-05;-0.00783564
7681.34;7675.99;SIG_PWR1;GND1;7.99495e-05;7.98265e-05;0.000794343
7681.34;7675.99;GND1;GNS2;7.98265e-05;7.96355e-05;0.000160972
7681.34;7675.99;GNS2;SIG_PWR2;7.96355e-05;7.97802e-05;-0.000933756
7715.18;5106.82;SIG_PWR1;GND1;1.07514e-05;1.07581e-05;-4.32224e-05
7715.18;5106.82;GND1;GNS2;1.07581e-05;1.996e-05;-0.00775659
7715.18;5106.82;GNS2;SIG_PWR2;1.996e-05;2.04853e-05;-0.00339012
7720.18;5978.82;SIG_PWR1;GND1;2.44391e-05;2.4388e-05;0.000329927
7720.18;5978.82;GND1;GNS2;2.4388e-05;2.39966e-05;0.000329927
7720.18;5978.82;GNS2;SIG_PWR2;2.39966e-05;2.39454e-05;0.000329927
7730.18;4617.82;SIG_PWR1;GND1;-1.79634e-06;-2.42351e-06;0.00404739
7730.18;4617.82;GND1;GNS2;-2.42351e-06;7.13056e-06;-0.00805347
7730.18;4617.82;GNS2;SIG_PWR2;7.13056e-06;6.73097e-06;0.00257873
7742.43;4849.08;SIG_PWR1;GND1;-6.29797e-05;-4.81197e-05;-0.0958988
7742.43;4849.08;GND1;GNS2;-4.81197e-05;-9.66478e-06;-0.032415
7742.43;4849.08;GNS2;SIG_PWR2;-9.66478e-06;-8.3076e-06;-0.00875855
7743.18;4880.82;SIG_PWR1;GND1;-5.02686e-05;-4.20556e-05;-0.0530025
7743.18;4880.82;GND1;GNS2;-4.20556e-05;-9.15985e-06;-0.027729
7743.18;4880.82;GNS2;SIG_PWR2;-9.15985e-06;-8.23856e-06;-0.00594554
7773.92;4880.57;SIG_PWR1;GND1;-5.49978e-05;-4.42905e-05;-0.0690992
7773.92;4880.57;GND1;GNS2;-4.42905e-05;-1.00459e-05;-0.028866
7773.92;4880.57;GNS2;SIG_PWR2;-1.00459e-05;-8.23856e-06;-0.0116638
7774.18;4849.82;SIG_PWR1;GND1;-5.32503e-05;-4.41851e-05;-0.0585025
7774.18;4849.82;GND1;GNS2;-4.41851e-05;-1.00815e-05;-0.0287471
7774.18;4849.82;GNS2;SIG_PWR2;-1.00815e-05;-8.3076e-06;-0.0114481
7774.76;4966.01;SIG_PWR1;GND1;-3.27236e-05;-2.61684e-05;-0.0423039
7774.76;4966.01;GND1;GNS2;-2.61684e-05;-2.72439e-06;-0.0197618
7774.76;4966.01;GNS2;SIG_PWR2;-2.72439e-06;-2.69888e-06;-0.000164639
7775.18;5012.82;SIG_PWR1;GND1;4.99498;4.99502;-0.23782
7775.18;5012.82;GND1;GNS2;4.99502;4.9953;-0.23782
7775.18;5012.82;GNS2;SIG_PWR2;4.9953;4.99534;-0.23782
7789.18;4584.82;SIG_PWR1;GND1;4.99744;4.99742;0.142212
7789.18;4584.82;GND1;GNS2;4.99742;4.99725;0.142212
7789.18;4584.82;GNS2;SIG_PWR2;4.99725;4.99723;0.142212
7790.18;4620.82;SIG_PWR1;GND1;4.99731;4.9973;0.0956074
7790.18;4620.82;GND1;GNS2;4.9973;4.99718;0.0956074
7790.18;4620.82;GNS2;SIG_PWR2;4.99718;4.99717;0.0956074
7797.54;3821.55;SIG_PWR1;GND1;1.90347e-06;4.07213e-06;-0.0139954
7797.54;3821.55;GND1;GNS2;4.07213e-06;1.41947e-05;-0.00853273
7797.54;3821.55;GNS2;SIG_PWR2;1.41947e-05;1.58596e-05;-0.0107442
7817.18;5108.82;SIG_PWR1;GND1;6.74144e-06;6.54486e-06;0.00126858
7817.18;5108.82;GND1;GNS2;6.54486e-06;1.36744e-05;-0.00600975
7817.18;5108.82;GNS2;SIG_PWR2;1.36744e-05;1.33538e-05;0.002069
7864.18;4928.82;SIG_PWR1;GND1;-4.3212e-05;-3.18706e-05;-0.0731918
7864.18;4928.82;GND1;GNS2;-3.18706e-05;-4.6993e-06;-0.0229037
7864.18;4928.82;GNS2;SIG_PWR2;-4.6993e-06;-4.56326e-06;-0.000877939
7887.84;4769.16;SIG_PWR1;GND1;-1.84584e-05;-1.67821e-05;-0.0108183
7887.84;4769.16;GND1;GNS2;-1.67821e-05;-2.55768e-06;-0.0119903
7887.84;4769.16;GNS2;SIG_PWR2;-2.55768e-06;-2.61804e-06;0.000389591
7902.54;3404.55;SIG_PWR1;GND1;8.28689e-06;8.12909e-06;0.00101838
7902.54;3404.55;GND1;GNS2;8.12909e-06;1.02662e-05;-0.00180142
7902.54;3404.55;GNS2;SIG_PWR2;1.02662e-05;1.03869e-05;-0.000778855
7944.9;4104.82;SIG_PWR1;GND1;-4.17572e-05;-2.69255e-05;-0.0957162
7944.9;4104.82;GND1;GNS2;-2.69255e-05;1.82156e-06;-0.024232
7944.9;4104.82;GNS2;SIG_PWR2;1.82156e-06;3.27884e-06;-0.0094045
7954.18;4319.82;SIG_PWR1;GND1;4.99819;4.99819;0.000262145
7954.18;4319.82;GND1;GNS2;4.99819;4.99819;0.000262145
7954.18;4319.82;GNS2;SIG_PWR2;4.99819;4.99819;0.000262145
7954.18;4359.82;SIG_PWR1;GND1;4.99819;4.99819;-0.000245141
7954.18;4359.82;GND1;GNS2;4.99819;4.99819;-0.000245141
7954.18;4359.82;GNS2;SIG_PWR2;4.99819;4.99819;-0.000245141
7969.18;6471.82;SIG_PWR1;GND1;6.24146e-05;6.29721e-05;-0.0035977
7969.18;6471.82;GND1;GNS2;6.29721e-05;6.28701e-05;8.59236e-05
7969.18;6471.82;GNS2;SIG_PWR2;6.28701e-05;6.27025e-05;0.00108207
7976.62;7675.99;SIG_PWR1;GND1;7.31351e-05;7.29303e-05;0.00132157
7976.62;7675.99;GND1;GNS2;7.29303e-05;7.26854e-05;0.000206428
7976.62;7675.99;GNS2;SIG_PWR2;7.26854e-05;7.28796e-05;-0.00125325
7995.18;4319.82;SIG_PWR1;GND1;4.99819;4.99819;9.49575e-05
7995.18;4319.82;GND1;GNS2;4.99819;4.99819;9.49575e-05
7995.18;4319.82;GNS2;SIG_PWR2;4.99819;4.99819;9.49575e-05
7995.18;4359.82;SIG_PWR1;GND1;4.99819;4.99819;-0.00011196
7995.18;4359.82;GND1;GNS2;4.99819;4.99819;-0.00011196
7995.18;4359.82;GNS2;SIG_PWR2;4.99819;4.99819;-0.00011196
8026.18;3988.82;SIG_PWR1;GND1;-1.54061e-05;-1.23565e-05;-0.0196805
8026.18;3988.82;GND1;GNS2;-1.23565e-05;3.18881e-07;-0.0106846
8026.18;3988.82;GNS2;SIG_PWR2;3.18881e-07;1.13089e-06;-0.0052403
8063.18;4812.82;SIG_PWR1;GND1;3.29765;3.29763;0.112709
8063.18;4812.82;GND1;GNS2;3.29763;3.2975;0.112709
8063.18;4812.82;GNS2;SIG_PWR2;3.2975;3.29748;0.112709
8063.18;4852.82;SIG_PWR1;GND1;3.29762;3.29761;0.064836
8063.18;4852.82;GND1;GNS2;3.29761;3.29754;0.064836
8063.18;4852.82;GNS2;SIG_PWR2;3.29754;3.29753;0.064836
8063.18;4892.82;SIG_PWR1;GND1;3.2976;3.29759;0.0389095
8063.18;4892.82;GND1;GNS2;3.29759;3.29755;0.0389095
8063.18;4892.82;GNS2;SIG_PWR2;3.29755;3.29754;0.0389095
8063.18;5534.82;SIG_PWR1;GND1;10.3967;10.3967;-0.0545643
8063.18;5534.82;GND1;GNS2;10.3967;10.3967;-0.0545643
8063.18;5534.82;GNS2;SIG_PWR2;10.3967;10.3967;-0.0545643
8063.18;5575.82;SIG_PWR1;GND1;10.3967;10.3967;-0.0356804
8063.18;5575.82;GND1;GNS2;10.3967;10.3967;-0.0356804
8063.18;5575.82;GNS2;SIG_PWR2;10.3967;10.3967;-0.0356804
8100.54;3680.55;SIG_PWR1;GND1;-4.28554e-06;-4.39913e-06;0.000733081
8100.54;3680.55;GND1;GNS2;-4.39913e-06;-1.69503e-06;-0.00227939
8100.54;3680.55;GNS2;SIG_PWR2;-1.69503e-06;-1.72009e-06;0.000161736
8103.18;5534.82;SIG_PWR1;GND1;10.3967;10.3967;-0.0448291
8103.18;5534.82;GND1;GNS2;10.3967;10.3967;-0.0448291
8103.18;5534.82;GNS2;SIG_PWR2;10.3967;10.3967;-0.0448291
8103.18;5575.82;SIG_PWR1;GND1;10.3967;10.3967;-0.0349263
8103.18;5575.82;GND1;GNS2;10.3967;10.3967;-0.0349263
8103.18;5575.82;GNS2;SIG_PWR2;10.3967;10.3967;-0.0349263
8104.18;4812.82;SIG_PWR1;GND1;3.29768;3.29766;0.112145
8104.18;4812.82;GND1;GNS2;3.29766;3.29753;0.112145
8104.18;4812.82;GNS2;SIG_PWR2;3.29753;3.29751;0.112145
8104.18;4852.82;SIG_PWR1;GND1;3.29763;3.29762;0.0583985
8104.18;4852.82;GND1;GNS2;3.29762;3.29755;0.0583985
8104.18;4852.82;GNS2;SIG_PWR2;3.29755;3.29754;0.0583985
8104.18;4892.82;SIG_PWR1;GND1;3.29761;3.2976;0.0342832
8104.18;4892.82;GND1;GNS2;3.2976;3.29756;0.0342832
8104.18;4892.82;GNS2;SIG_PWR2;3.29756;3.29756;0.0342832
8124.25;3837.41;SIG_PWR1;GND1;-9.52473e-06;-8.99278e-06;-0.00343297
8124.25;3837.41;GND1;GNS2;-8.99278e-06;-5.22629e-06;-0.00317491
8124.25;3837.41;GNS2;SIG_PWR2;-5.22629e-06;-5.80654e-06;0.00374466
8124.25;5018.51;SIG_PWR1;GND1;5.78787e-06;6.93371e-06;-0.00739467
8124.25;5018.51;GND1;GNS2;6.93371e-06;1.11328e-05;-0.00353961
8124.25;5018.51;GNS2;SIG_PWR2;1.11328e-05;1.11505e-05;-0.000113881
8145.18;4812.82;SIG_PWR1;GND1;3.2977;3.29768;0.120082
8145.18;4812.82;GND1;GNS2;3.29768;3.29754;0.120082
8145.18;4812.82;GNS2;SIG_PWR2;3.29754;3.29752;0.120082
8145.18;4852.82;SIG_PWR1;GND1;3.29765;3.29764;0.0627816
8145.18;4852.82;GND1;GNS2;3.29764;3.29756;0.0627816
8145.18;4852.82;GNS2;SIG_PWR2;3.29756;3.29755;0.0627816
8145.18;4892.82;SIG_PWR1;GND1;3.29762;3.29761;0.037424
8145.18;4892.82;GND1;GNS2;3.29761;3.29757;0.037424
8145.18;4892.82;GNS2;SIG_PWR2;3.29757;3.29756;0.037424
8173.18;4419.82;SIG_PWR1;GND1;-9.8978e-06;-8.76686e-06;-0.00729851
8173.18;4419.82;GND1;GNS2;-8.76686e-06;-2.70242e-06;-0.00511194
8173.18;4419.82;GNS2;SIG_PWR2;-2.70242e-06;-2.9766e-06;0.00176939
8182.18;5523.82;SIG_PWR1;GND1;4.80941e-05;4.64445e-05;0.0106458
8182.18;5523.82;GND1;GNS2;4.64445e-05;3.62208e-05;0.00861795
8182.18;5523.82;GNS2;SIG_PWR2;3.62208e-05;3.52705e-05;0.00613228
8183.92;5391.45;SIG_PWR1;GND1;7.94246e-05;6.27316e-05;0.107728
8183.92;5391.45;GND1;GNS2;6.27316e-05;3.50958e-05;0.0232952
8183.92;5391.45;GNS2;SIG_PWR2;3.50958e-05;3.36953e-05;0.00903809
8185.18;5262.82;SIG_PWR1;GND1;3.7315e-05;3.39892e-05;0.0214627
8185.18;5262.82;GND1;GNS2;3.39892e-05;2.68834e-05;0.00598977
8185.18;5262.82;GNS2;SIG_PWR2;2.68834e-05;2.7569e-05;-0.00442497
8227.18;6121.82;SIG_PWR1;GND1;10.3976;10.3976;2.29274e-11
8227.18;6121.82;GND1;GNS2;10.3976;10.3976;7.48678e-12
8227.18;6121.82;GNS2;SIG_PWR2;10.3976;10.3976;1.14637e-11
8271.89;4132.68;SIG_PWR1;GND1;-1.39273e-05;-1.3266e-05;-0.00426759
8271.89;4132.68;GND1;GNS2;-1.3266e-05;-9.2839e-06;-0.00335664
8271.89;4132.68;GNS2;SIG_PWR2;-9.2839e-06;-9.44822e-06;0.00106047
8271.89;7675.99;SIG_PWR1;GND1;6.59007e-05;6.55709e-05;0.00212813
8271.89;7675.99;GND1;GNS2;6.55709e-05;6.51642e-05;0.000342792
8271.89;7675.99;GNS2;SIG_PWR2;6.51642e-05;6.53856e-05;-0.00142857
8303.18;6458.99;SIG_PWR1;GND1;5.29283e-05;5.35541e-05;-0.00403857
8303.18;6458.99;GND1;GNS2;5.35541e-05;5.43707e-05;-0.000688307
8303.18;6458.99;GNS2;SIG_PWR2;5.43707e-05;5.44611e-05;-0.000583758
8311.18;4134.82;SIG_PWR1;GND1;-1.38934e-05;-1.35421e-05;-0.00226676
8311.18;4134.82;GND1;GNS2;-1.35421e-05;-1.02483e-05;-0.0027765
8311.18;4134.82;GNS2;SIG_PWR2;-1.02483e-05;-1.02109e-05;-0.000241113
8334.18;6162.82;SIG_PWR1;GND1;16;16;-0
8334.18;6162.82;GND1;GNS2;16;16;1.49736e-12
8334.18;6162.82;GNS2;SIG_PWR2;16;16;-1.14637e-11
8367.18;5543.82;SIG_PWR1;GND1;10.3967;10.3967;-0
8367.18;5543.82;GND1;GNS2;10.3967;10.3967;-8.98414e-12
8367.18;5543.82;GNS2;SIG_PWR2;10.3967;10.3967;-1.14637e-11
8372.18;3903.82;SIG_PWR1;GND1;-1.49768e-05;-1.51732e-05;0.00126709
8372.18;3903.82;GND1;GNS2;-1.51732e-05;-1.38758e-05;-0.00109364
8372.18;3903.82;GNS2;SIG_PWR2;-1.38758e-05;-1.42552e-05;0.00244853
8410.18;4485.82;SIG_PWR1;GND1;-8.04319e-06;-7.91294e-06;-0.000840594
8410.18;4485.82;GND1;GNS2;-7.91294e-06;-4.64984e-06;-0.00275058
8410.18;4485.82;GNS2;SIG_PWR2;-4.64984e-06;-4.15436e-06;-0.00319755
8419.53;4427.96;SIG_PWR1;GND1;-8.90132e-06;-8.75071e-06;-0.000971987
8419.53;4427.96;GND1;GNS2;-8.75071e-06;-5.38886e-06;-0.00283383
8419.53;4427.96;GNS2;SIG_PWR2;-5.38886e-06;-4.80968e-06;-0.00373771
8419.53;5018.51;SIG_PWR1;GND1;1.03768e-05;1.01871e-05;0.00122363
8419.53;5018.51;GND1;GNS2;1.01871e-05;9.66059e-06;0.000443843
8419.53;5018.51;GNS2;SIG_PWR2;9.66059e-06;9.48075e-06;0.00116059
8419.53;6199.61;SIG_PWR1;GND1;4.73746e-05;4.74541e-05;-0.000512952
8419.53;6199.61;GND1;GNS2;4.74541e-05;4.80224e-05;-0.000479048
8419.53;6199.61;GNS2;SIG_PWR2;4.80224e-05;4.85859e-05;-0.00363629
8546.18;6204.1;SIG_PWR1;GND1;4.54126e-05;4.47032e-05;0.00457771
8546.18;6204.1;GND1;GNS2;4.47032e-05;4.52462e-05;-0.000457693
8546.18;6204.1;GNS2;SIG_PWR2;4.52462e-05;4.65392e-05;-0.00834435
8548.18;5693.82;SIG_PWR1;GND1;-6.99997;-6.99997;2.86592e-11
8548.18;5693.82;GND1;GNS2;-6.99997;-6.99997;3.21932e-11
8548.18;5693.82;GNS2;SIG_PWR2;-6.99997;-6.99997;4.01229e-11
8554.18;3530.82;SIG_PWR1;GND1;3.28948;3.28948;0.000328971
8554.18;3530.82;GND1;GNS2;3.28948;3.28948;0.000328971
8554.18;3530.82;GNS2;SIG_PWR2;3.28948;3.28948;0.000328971
8555.18;3831.82;SIG_PWR1;GND1;3.28948;3.28948;-0.000328972
8555.18;3831.82;GND1;GNS2;3.28948;3.28948;-0.000328972
8555.18;3831.82;GNS2;SIG_PWR2;3.28948;3.28948;-0.000328972
8567.17;4132.68;SIG_PWR1;GND1;-1.67558e-05;-1.71448e-05;0.00251072
8567.17;4132.68;GND1;GNS2;-1.71448e-05;-1.55376e-05;-0.00135481
8567.17;4132.68;GNS2;SIG_PWR2;-1.55376e-05;-1.48305e-05;-0.00456279
8567.17;4723.23;SIG_PWR1;GND1;-3.31983e-06;-3.25621e-06;-0.000410566
8567.17;4723.23;GND1;GNS2;-3.25621e-06;-1.11552e-06;-0.00180446
8567.17;4723.23;GNS2;SIG_PWR2;-1.11552e-06;-3.45279e-07;-0.00497073
8567.17;7675.99;SIG_PWR1;GND1;6.0526e-05;5.99849e-05;0.00349186
8567.17;7675.99;GND1;GNS2;5.99849e-05;5.93062e-05;0.000572087
8567.17;7675.99;GNS2;SIG_PWR2;5.93062e-05;5.95206e-05;-0.0013837
8594.18;3907.82;SIG_PWR1;GND1;-2.1841e-05;-2.23769e-05;0.00345879
8594.18;3907.82;GND1;GNS2;-2.23769e-05;-2.303e-05;0.000550496
8594.18;3907.82;GNS2;SIG_PWR2;-2.303e-05;-2.33748e-05;0.0022253
8639.18;3367.82;SIG_PWR1;GND1;-3.55999e-05;-3.41591e-05;-0.00929804
8639.18;3367.82;GND1;GNS2;-3.41591e-05;-3.08187e-05;-0.00281579
8639.18;3367.82;GNS2;SIG_PWR2;-3.08187e-05;-3.09889e-05;0.00109882
8655.18;5697.82;SIG_PWR1;GND1;3.29997;3.29997;0.00170072
8655.18;5697.82;GND1;GNS2;3.29997;3.29997;0.00170072
8655.18;5697.82;GNS2;SIG_PWR2;3.29997;3.29997;0.00170072
8683.87;4363.13;SIG_PWR1;GND1;-3.41064e-05;-3.40553e-05;-0.000329927
8683.87;4363.13;GND1;GNS2;-3.40553e-05;-3.36639e-05;-0.000329927
8683.87;4363.13;GNS2;SIG_PWR2;-3.36639e-05;-3.36127e-05;-0.000329927
8705.18;3909.82;SIG_PWR1;GND1;-2.56929e-05;-2.64561e-05;0.00492532
8705.18;3909.82;GND1;GNS2;-2.64561e-05;-2.79653e-05;0.00127219
8705.18;3909.82;GNS2;SIG_PWR2;-2.79653e-05;-2.82871e-05;0.00207665
8717.18;3530.82;SIG_PWR1;GND1;-3.83596e-05;-3.6752e-05;-0.0103745
8717.18;3530.82;GND1;GNS2;-3.6752e-05;-3.3476e-05;-0.00276142
8717.18;3530.82;GNS2;SIG_PWR2;-3.3476e-05;-3.35027e-05;0.000171798
8717.18;3836.82;SIG_PWR1;GND1;-1.77319e-05;-1.82415e-05;0.00328891
8717.18;3836.82;GND1;GNS2;-1.82415e-05;-2.21432e-05;0.00328891
8717.18;3836.82;GNS2;SIG_PWR2;-2.21432e-05;-2.26529e-05;0.00328891
8718.18;5697.82;SIG_PWR1;GND1;3.29997;3.29997;0.00163946
8718.18;5697.82;GND1;GNS2;3.29997;3.29997;0.00163946
8718.18;5697.82;GNS2;SIG_PWR2;3.29997;3.29997;0.00163946
8718.18;5743.82;SIG_PWR1;GND1;3.29997;3.29997;0.00148973
8718.18;5743.82;GND1;GNS2;3.29997;3.29997;0.00148973
8718.18;5743.82;GNS2;SIG_PWR2;3.29997;3.29997;0.00148973
8718.18;5789.82;SIG_PWR1;GND1;3.29997;3.29997;0.0015879
8718.18;5789.82;GND1;GNS2;3.29997;3.29997;0.0015879
8718.18;5789.82;GNS2;SIG_PWR2;3.29997;3.29996;0.0015879
8742.18;4134.82;SIG_PWR1;GND1;8.79454;8.79455;-0.0413529
8742.18;4134.82;GND1;GNS2;8.79455;8.7946;-0.0413529
8742.18;4134.82;GNS2;SIG_PWR2;8.7946;8.7946;-0.0413529
8742.18;4175.82;SIG_PWR1;GND1;8.79452;8.79452;-0.0425703
8742.18;4175.82;GND1;GNS2;8.79452;8.79458;-0.0425703
8742.18;4175.82;GNS2;SIG_PWR2;8.79458;8.79458;-0.0425703
8779.18;4134.82;SIG_PWR1;GND1;8.79454;8.79455;-0.0451988
8779.18;4134.82;GND1;GNS2;8.79455;8.7946;-0.0451988
8779.18;4134.82;GNS2;SIG_PWR2;8.7946;8.79461;-0.0451988
8779.18;4175.82;SIG_PWR1;GND1;8.79452;8.79453;-0.0447798
8779.18;4175.82;GND1;GNS2;8.79453;8.79458;-0.0447798
8779.18;4175.82;GNS2;SIG_PWR2;8.79458;8.79458;-0.0447798
8780.18;5696.82;SIG_PWR1;GND1;3.29997;3.29997;0.00144957
8780.18;5696.82;GND1;GNS2;3.29997;3.29997;0.00144957
8780.18;5696.82;GNS2;SIG_PWR2;3.29997;3.29997;0.00144957
8780.18;5743.82;SIG_PWR1;GND1;3.29997;3.29997;0.00123049
8780.18;5743.82;GND1;GNS2;3.29997;3.29997;0.00123049
8780.18;5743.82;GNS2;SIG_PWR2;3.29997;3.29997;0.00123049
8781.18;5789.82;SIG_PWR1;GND1;3.29997;3.29997;0.00123217
8781.18;5789.82;GND1;GNS2;3.29997;3.29997;0.00123217
8781.18;5789.82;GNS2;SIG_PWR2;3.29997;3.29996;0.00123217
8801.18;3363.82;SIG_PWR1;GND1;-4.10919e-05;-4.05573e-05;-0.00344994
8801.18;3363.82;GND1;GNS2;-4.05573e-05;-3.84468e-05;-0.00177904
8801.18;3363.82;GNS2;SIG_PWR2;-3.84468e-05;-3.84165e-05;-0.000194928
8816.18;3911.82;SIG_PWR1;GND1;-2.89791e-05;-2.98606e-05;0.00568902
8816.18;3911.82;GND1;GNS2;-2.98606e-05;-3.15995e-05;0.00146579
8816.18;3911.82;GNS2;SIG_PWR2;-3.15995e-05;-3.20488e-05;0.00289912
8833.18;5636.82;SIG_PWR1;GND1;16;16;0.001
8833.18;5636.82;GND1;GNS2;16;16;0.001
8833.18;5636.82;GNS2;SIG_PWR2;16;16;0.001
8848.18;4262.82;SIG_PWR1;GND1;10.3985;10.3985;0.0631928
8848.18;4262.82;GND1;GNS2;10.3985;10.3984;0.0631928
8848.18;4262.82;GNS2;SIG_PWR2;10.3984;10.3984;0.0631928
8848.18;4302.82;SIG_PWR1;GND1;10.3985;10.3985;0.0651952
8848.18;4302.82;GND1;GNS2;10.3985;10.3984;0.0651952
8848.18;4302.82;GNS2;SIG_PWR2;10.3984;10.3984;0.0651952
8862.44;4132.68;SIG_PWR1;GND1;-3.28271e-05;-3.16728e-05;-0.00744923
8862.44;4132.68;GND1;GNS2;-3.16728e-05;-3.03241e-05;-0.00113686
8862.44;4132.68;GNS2;SIG_PWR2;-3.03241e-05;-3.08676e-05;0.00350735
8862.44;7820.63;SIG_PWR1;GND1;5.46423e-05;5.42507e-05;0.00252716
8862.44;7820.63;GND1;GNS2;5.42507e-05;5.36753e-05;0.000485085
8862.44;7820.63;GNS2;SIG_PWR2;5.36753e-05;5.37723e-05;-0.000626335
8879.18;3526.82;SIG_PWR1;GND1;-4.40328e-05;-4.32994e-05;-0.0047328
8879.18;3526.82;GND1;GNS2;-4.32994e-05;-4.13442e-05;-0.0016481
8879.18;3526.82;GNS2;SIG_PWR2;-4.13442e-05;-4.12892e-05;-0.000355391
8881.18;3839.82;SIG_PWR1;GND1;-3.92691e-05;-3.932e-05;0.000328825
8881.18;3839.82;GND1;GNS2;-3.932e-05;-3.97101e-05;0.000328825
8881.18;3839.82;GNS2;SIG_PWR2;-3.97101e-05;-3.97611e-05;0.000328825
8889.18;4262.82;SIG_PWR1;GND1;10.3985;10.3985;0.0480401
8889.18;4262.82;GND1;GNS2;10.3985;10.3985;0.0480401
8889.18;4262.82;GNS2;SIG_PWR2;10.3985;10.3985;0.0480401
8889.18;4302.82;SIG_PWR1;GND1;10.3985;10.3985;0.0435719
8889.18;4302.82;GND1;GNS2;10.3985;10.3985;0.0435719
8889.18;4302.82;GNS2;SIG_PWR2;10.3985;10.3985;0.0435719
8915.18;3996.82;SIG_PWR1;GND1;8.79518;8.79518;2.29274e-11
8915.18;3996.82;GND1;GNS2;8.79518;8.79518;8.98414e-12
8915.18;3996.82;GNS2;SIG_PWR2;8.79518;8.79518;1.14637e-11
8937.9;5534.82;SIG_PWR1;GND1;1.37741e-05;1.46663e-05;-0.00575798
8937.9;5534.82;GND1;GNS2;1.46663e-05;1.39166e-05;0.000631988
8937.9;5534.82;GNS2;SIG_PWR2;1.39166e-05;1.31169e-05;0.00516062
8950.36;4607.82;SIG_PWR1;GND1;-8.65167e-06;-8.65268e-06;6.52446e-06
8950.36;4607.82;GND1;GNS2;-8.65268e-06;-8.66042e-06;6.52446e-06
8950.36;4607.82;GNS2;SIG_PWR2;-8.66042e-06;-8.66143e-06;6.52446e-06
8963.18;4117.82;SIG_PWR1;GND1;-3.43911e-05;-3.38212e-05;-0.00367791
8963.18;4117.82;GND1;GNS2;-3.38212e-05;-3.24144e-05;-0.00118586
8963.18;4117.82;GNS2;SIG_PWR2;-3.24144e-05;-3.24048e-05;-6.19612e-05
8965.18;3359.82;SIG_PWR1;GND1;-4.74705e-05;-4.73315e-05;-0.000897523
8965.18;3359.82;GND1;GNS2;-4.73315e-05;-4.62919e-05;-0.000876291
8965.18;3359.82;GNS2;SIG_PWR2;-4.62919e-05;-4.62306e-05;-0.000395293
9042.18;3837.82;SIG_PWR1;GND1;-4.73465e-05;-4.73975e-05;0.000329096
9042.18;3837.82;GND1;GNS2;-4.73975e-05;-4.77879e-05;0.000329096
9042.18;3837.82;GNS2;SIG_PWR2;-4.77879e-05;-4.78389e-05;0.000329096
9043.18;3522.82;SIG_PWR1;GND1;-5.04231e-05;-5.01294e-05;-0.00189578
9043.18;3522.82;GND1;GNS2;-5.01294e-05;-4.93454e-05;-0.000660819
9043.18;3522.82;GNS2;SIG_PWR2;-4.93454e-05;-4.92954e-05;-0.000322526
9074.18;4119.82;SIG_PWR1;GND1;-3.91315e-05;-3.82718e-05;-0.00554828
9074.18;4119.82;GND1;GNS2;-3.82718e-05;-3.60785e-05;-0.00184885
9074.18;4119.82;GNS2;SIG_PWR2;-3.60785e-05;-3.56143e-05;-0.00299551
9074.18;4733.82;SIG_PWR1;GND1;8.79337;8.79336;0.0432105
9074.18;4733.82;GND1;GNS2;8.79336;8.79331;0.0432105
9074.18;4733.82;GNS2;SIG_PWR2;8.79331;8.7933;0.0432105
9074.18;4855.82;SIG_PWR1;GND1;8.79297;8.79297;-0.0432105
9074.18;4855.82;GND1;GNS2;8.79297;8.79303;-0.0432105
9074.18;4855.82;GNS2;SIG_PWR2;8.79303;8.79303;-0.0432105
9102.18;4429.82;SIG_PWR1;GND1;-2.16988e-05;-2.22196e-05;0.00336068
9102.18;4429.82;GND1;GNS2;-2.22196e-05;-2.28547e-05;0.000535381
9102.18;4429.82;GNS2;SIG_PWR2;-2.28547e-05;-2.22587e-05;-0.00384675
9133.18;3359.82;SIG_PWR1;GND1;-5.55079e-05;-5.52837e-05;-0.00144697
9133.18;3359.82;GND1;GNS2;-5.52837e-05;-5.47734e-05;-0.000430106
9133.18;3359.82;GNS2;SIG_PWR2;-5.47734e-05;-5.45995e-05;-0.00112246
9157.72;3542.13;SIG_PWR1;GND1;-5.53798e-05;-5.5348e-05;-0.000205314
9157.72;3542.13;GND1;GNS2;-5.5348e-05;-5.54638e-05;9.76444e-05
9157.72;3542.13;GNS2;SIG_PWR2;-5.54638e-05;-5.54363e-05;-0.000177301
9157.72;5313.78;SIG_PWR1;GND1;7.58317e-06;6.84401e-06;0.00477018
9157.72;5313.78;GND1;GNS2;6.84401e-06;5.43072e-06;0.00119132
9157.72;5313.78;GNS2;SIG_PWR2;5.43072e-06;5.61895e-06;-0.00121478
9157.72;7820.63;SIG_PWR1;GND1;4.98697e-05;4.95749e-05;0.00190245
9157.72;7820.63;GND1;GNS2;4.95749e-05;4.9224e-05;0.000295775
9157.72;7820.63;GNS2;SIG_PWR2;4.9224e-05;4.92785e-05;-0.000351641
9160.18;7605.82;SIG_PWR1;GND1;4.75871e-05;4.77673e-05;-0.00116286
9160.18;7605.82;GND1;GNS2;4.77673e-05;4.84166e-05;-0.000547287
9160.18;7605.82;GNS2;SIG_PWR2;4.84166e-05;4.8604e-05;-0.00120979
9162.18;7407.82;SIG_PWR1;GND1;4.61147e-05;4.62925e-05;-0.00114708
9162.18;7407.82;GND1;GNS2;4.62925e-05;4.73234e-05;-0.000869042
9162.18;7407.82;GNS2;SIG_PWR2;4.73234e-05;4.7705e-05;-0.00246218
9164.18;7209.82;SIG_PWR1;GND1;4.40704e-05;4.42632e-05;-0.00124447
9164.18;7209.82;GND1;GNS2;4.42632e-05;4.53818e-05;-0.000942892
9164.18;7209.82;GNS2;SIG_PWR2;4.53818e-05;4.5951e-05;-0.00367369
9166.18;7011.82;SIG_PWR1;GND1;4.12422e-05;4.14232e-05;-0.00116744
9166.18;7011.82;GND1;GNS2;4.14232e-05;4.05838e-05;0.000707472
9166.18;7011.82;GNS2;SIG_PWR2;4.05838e-05;3.97914e-05;0.00511406
9170.18;6615.82;SIG_PWR1;GND1;3.56097e-05;3.5781e-05;-0.00110567
9170.18;6615.82;GND1;GNS2;3.5781e-05;3.50206e-05;0.000640987
9170.18;6615.82;GNS2;SIG_PWR2;3.50206e-05;3.44261e-05;0.00383665
9186.18;4119.82;SIG_PWR1;GND1;-4.39247e-05;-4.29558e-05;-0.0062528
9186.18;4119.82;GND1;GNS2;-4.29558e-05;-4.0884e-05;-0.00174638
9186.18;4119.82;GNS2;SIG_PWR2;-4.0884e-05;-4.03444e-05;-0.00348239
9196.18;3909.82;SIG_PWR1;GND1;-5.01523e-05;-4.99127e-05;-0.00154645
9196.18;3909.82;GND1;GNS2;-4.99127e-05;-5.06458e-05;0.000617978
9196.18;3909.82;GNS2;SIG_PWR2;-5.06458e-05;-5.11154e-05;0.00303061
9206.2;4958.82;SIG_PWR1;GND1;-5.90056e-06;-5.7346e-06;-0.00107102
9206.2;4958.82;GND1;GNS2;-5.7346e-06;-8.09306e-06;0.00198803
9206.2;4958.82;GNS2;SIG_PWR2;-8.09306e-06;-9.12029e-06;0.00662917
9211.18;3522.82;SIG_PWR1;GND1;-5.84949e-05;-5.81998e-05;-0.001904
9211.18;3522.82;GND1;GNS2;-5.81998e-05;-5.81031e-05;-8.15419e-05
9211.18;3522.82;GNS2;SIG_PWR2;-5.81031e-05;-5.7844e-05;-0.00167223
9211.18;3845.82;SIG_PWR1;GND1;-5.57774e-05;-5.58285e-05;0.000329927
9211.18;3845.82;GND1;GNS2;-5.58285e-05;-5.62199e-05;0.000329927
9211.18;3845.82;GNS2;SIG_PWR2;-5.62199e-05;-5.62711e-05;0.000329927
9211.81;4563.08;SIG_PWR1;GND1;-1.61629e-05;-1.71519e-05;0.00638245
9211.81;4563.08;GND1;GNS2;-1.71519e-05;-2.0144e-05;0.00252218
9211.81;4563.08;GNS2;SIG_PWR2;-2.0144e-05;-2.00975e-05;-0.000300273
9212.63;4637.22;SIG_PWR1;GND1;-1.29594e-05;-1.3603e-05;0.0041537
9212.63;4637.22;GND1;GNS2;-1.3603e-05;-1.76183e-05;0.00338459
9212.63;4637.22;GNS2;SIG_PWR2;-1.76183e-05;-1.81681e-05;0.00354814
9214.25;4785.5;SIG_PWR1;GND1;-7.51446e-06;-8.46567e-06;0.00613861
9214.25;4785.5;GND1;GNS2;-8.46567e-06;-1.24005e-05;0.00331686
9214.25;4785.5;GNS2;SIG_PWR2;-1.24005e-05;-1.22935e-05;-0.000690896
9215.06;4859.64;SIG_PWR1;GND1;-8.07911e-06;-8.26871e-06;0.00122357
9215.06;4859.64;GND1;GNS2;-8.26871e-06;-1.07399e-05;0.00208306
9215.06;4859.64;GNS2;SIG_PWR2;-1.07399e-05;-1.09862e-05;0.00158926
9270.18;4170.82;SIG_PWR1;GND1;10.3997;10.3997;4.58548e-11
9270.18;4170.82;GND1;GNS2;10.3997;10.3997;5.83969e-11
9270.18;4170.82;GNS2;SIG_PWR2;10.3997;10.3997;5.73184e-11
9285.95;4562.27;SIG_PWR1;GND1;-1.66227e-05;-1.82914e-05;0.0107695
9285.95;4562.27;GND1;GNS2;-1.82914e-05;-2.14773e-05;0.0026855
9285.95;4562.27;GNS2;SIG_PWR2;-2.14773e-05;-2.06541e-05;-0.00531259
9286.76;4636.41;SIG_PWR1;GND1;-1.29929e-05;-1.41032e-05;0.00716512
9286.76;4636.41;GND1;GNS2;-1.41032e-05;-1.86582e-05;0.00383955
9286.76;4636.41;GNS2;SIG_PWR2;-1.86582e-05;-1.85458e-05;-0.000725302
9287.58;4710.55;SIG_PWR1;GND1;0;-5.82196e-06;0.0375719
9287.58;4710.55;GND1;GNS2;-5.82196e-06;-1.58718e-05;0.00847141
9287.58;4710.55;GNS2;SIG_PWR2;-1.58718e-05;-1.6488e-05;0.00397627
9289.18;3359.82;SIG_PWR1;GND1;-6.33163e-05;-6.34432e-05;0.000819021
9289.18;3359.82;GND1;GNS2;-6.34432e-05;-6.41756e-05;0.000617348
9289.18;3359.82;GNS2;SIG_PWR2;-6.41756e-05;-6.35158e-05;-0.00425801
9289.2;4858.82;SIG_PWR1;GND1;-8.29223e-06;-8.84979e-06;0.00359822
9289.2;4858.82;GND1;GNS2;-8.84979e-06;-1.13407e-05;0.00209966
9289.2;4858.82;GNS2;SIG_PWR2;-1.13407e-05;-1.11973e-05;-0.00092512
9305.36;3837.41;SIG_PWR1;GND1;-5.80305e-05;-5.80424e-05;7.6941e-05
9305.36;3837.41;GND1;GNS2;-5.80424e-05;-5.94857e-05;0.0012166
9305.36;3837.41;GNS2;SIG_PWR2;-5.94857e-05;-5.92318e-05;-0.00163811
9305.36;6199.61;SIG_PWR1;GND1;2.29194e-05;2.38456e-05;-0.00597716
9305.36;6199.61;GND1;GNS2;2.38456e-05;2.45248e-05;-0.000572478
9305.36;6199.61;GNS2;SIG_PWR2;2.45248e-05;2.41002e-05;0.00273962
9305.36;6790.16;SIG_PWR1;GND1;3.55339e-05;3.56922e-05;-0.00102099
9305.36;6790.16;GND1;GNS2;3.56922e-05;3.5271e-05;0.000354994
9305.36;6790.16;GNS2;SIG_PWR2;3.5271e-05;3.4969e-05;0.00194878
9375.18;4940.82;SIG_PWR1;GND1;-8.90059e-06;-8.89958e-06;-6.52446e-06
9375.18;4940.82;GND1;GNS2;-8.89958e-06;-8.89184e-06;-6.52446e-06
9375.18;4940.82;GNS2;SIG_PWR2;-8.89184e-06;-8.89083e-06;-6.52446e-06
9376.18;5007.82;SIG_PWR1;GND1;-7;-7;-0.001
9376.18;5007.82;GND1;GNS2;-7;-7;-0.001
9376.18;5007.82;GNS2;SIG_PWR2;-7;-7;-0.001
9378.18;5188.82;SIG_PWR1;GND1;-3.17052e-06;-3.17052e-06;-0
9378.18;5188.82;GND1;GNS2;-3.17052e-06;-3.10042e-06;-5.90921e-05
9378.18;5188.82;GNS2;SIG_PWR2;-3.10042e-06;-2.69534e-06;-0.00261413
9449.18;4827.82;SIG_PWR1;GND1;8.79595;8.79595;-0.044982
9449.18;4827.82;GND1;GNS2;8.79595;8.79601;-0.044982
9449.18;4827.82;GNS2;SIG_PWR2;8.79601;8.79601;-0.044982
9451.18;4718.82;SIG_PWR1;GND1;8.79634;8.79634;0.044982
9451.18;4718.82;GND1;GNS2;8.79634;8.79628;0.044982
9451.18;4718.82;GNS2;SIG_PWR2;8.79628;8.79628;0.044982
9453;3542.13;SIG_PWR1;GND1;-7.15137e-05;-7.2362e-05;0.00547455
9453;3542.13;GND1;GNS2;-7.2362e-05;-7.51216e-05;0.00232617
9453;3542.13;GNS2;SIG_PWR2;-7.51216e-05;-7.33794e-05;-0.0112429
9453;4132.68;SIG_PWR1;GND1;-5.53207e-05;-5.4787e-05;-0.00344406
9453;4132.68;GND1;GNS2;-5.4787e-05;-5.36012e-05;-0.000999582
9453;4132.68;GNS2;SIG_PWR2;-5.36012e-05;-5.24841e-05;-0.00720907
9453;5904.34;SIG_PWR1;GND1;1.71645e-05;1.67839e-05;0.00245647
9453;5904.34;GND1;GNS2;1.67839e-05;1.68007e-05;-1.41813e-05
9453;5904.34;GNS2;SIG_PWR2;1.68007e-05;1.71202e-05;-0.00206206
9453;7820.63;SIG_PWR1;GND1;4.55739e-05;4.53317e-05;0.00156289
9453;7820.63;GND1;GNS2;4.53317e-05;4.5125e-05;0.00017428
9453;7820.63;GNS2;SIG_PWR2;4.5125e-05;4.51883e-05;-0.000408991
9455;3428.13;SIG_PWR1;GND1;-7.26165e-05;-7.38492e-05;0.00795513
9455;3428.13;GND1;GNS2;-7.38492e-05;-7.721e-05;0.00283294
9455;3428.13;GNS2;SIG_PWR2;-7.721e-05;-7.48386e-05;-0.0153038
9456.45;7506.82;SIG_PWR1;GND1;4.31901e-05;4.32774e-05;-0.00056295
9456.45;7506.82;GND1;GNS2;4.32774e-05;4.39433e-05;-0.000561328
9456.45;7506.82;GNS2;SIG_PWR2;4.39433e-05;4.41589e-05;-0.00139174
9458.45;7308.82;SIG_PWR1;GND1;4.14983e-05;4.15793e-05;-0.000522612
9458.45;7308.82;GND1;GNS2;4.15793e-05;4.25396e-05;-0.00080947
9458.45;7308.82;GNS2;SIG_PWR2;4.25396e-05;4.3017e-05;-0.00308126
9460.45;7110.82;SIG_PWR1;GND1;3.83234e-05;3.83914e-05;-0.000439095
9460.45;7110.82;GND1;GNS2;3.83914e-05;3.78074e-05;0.000492282
9460.45;7110.82;GNS2;SIG_PWR2;3.78074e-05;3.72993e-05;0.00327909
9462.45;6912.82;SIG_PWR1;GND1;3.55342e-05;3.56096e-05;-0.000486802
9462.45;6912.82;GND1;GNS2;3.56096e-05;3.52405e-05;0.000311138
9462.45;6912.82;GNS2;SIG_PWR2;3.52405e-05;3.50472e-05;0.00124773
9464.45;6714.82;SIG_PWR1;GND1;3.24872e-05;3.25605e-05;-0.000473489
9464.45;6714.82;GND1;GNS2;3.25605e-05;3.23047e-05;0.000215619
9464.45;6714.82;GNS2;SIG_PWR2;3.23047e-05;3.21827e-05;0.000787624
9466.9;6486.82;SIG_PWR1;GND1;2.83757e-05;2.84424e-05;-0.000430434
9466.9;6486.82;GND1;GNS2;2.84424e-05;2.83684e-05;6.2405e-05
9466.9;6486.82;GNS2;SIG_PWR2;2.83684e-05;2.82793e-05;0.000574732
9467.18;6293.82;SIG_PWR1;GND1;2.43385e-05;2.44178e-05;-0.000511989
9467.18;6293.82;GND1;GNS2;2.44178e-05;2.46241e-05;-0.000173947
9467.18;6293.82;GNS2;SIG_PWR2;2.46241e-05;2.46122e-05;7.71074e-05
9477.18;4168.82;SIG_PWR1;GND1;-5.46096e-05;-5.35777e-05;-0.00665902
9477.18;4168.82;GND1;GNS2;-5.35777e-05;-5.23413e-05;-0.00104222
9477.18;4168.82;GNS2;SIG_PWR2;-5.23413e-05;-5.20899e-05;-0.00162221
9525.18;3547.82;SIG_PWR1;GND1;-7.51616e-05;-7.56844e-05;0.00337345
9525.18;3547.82;GND1;GNS2;-7.56844e-05;-8.02026e-05;0.00380855
9525.18;3547.82;GNS2;SIG_PWR2;-8.02026e-05;-7.90518e-05;-0.00742609
9585.9;6083.82;SIG_PWR1;GND1;1.79448e-05;1.83659e-05;-0.00271736
9585.9;6083.82;GND1;GNS2;1.83659e-05;1.91143e-05;-0.000630906
9585.9;6083.82;GNS2;SIG_PWR2;1.91143e-05;1.91496e-05;-0.000227665
9600.63;6199.61;SIG_PWR1;GND1;2.1177e-05;2.12894e-05;-0.00072543
9600.63;6199.61;GND1;GNS2;2.12894e-05;2.15809e-05;-0.000245714
9600.63;6199.61;GNS2;SIG_PWR2;2.15809e-05;2.15385e-05;0.000273619
9600.63;6790.16;SIG_PWR1;GND1;3.28489e-05;3.27879e-05;0.000393699
9600.63;6790.16;GND1;GNS2;3.27879e-05;3.23836e-05;0.000340755
9600.63;6790.16;GNS2;SIG_PWR2;3.23836e-05;3.2274e-05;0.000707597
9610.18;4820.82;SIG_PWR1;GND1;10.3997;10.3997;-0
9610.18;4820.82;GND1;GNS2;10.3997;10.3997;-1.49736e-12
9610.18;4820.82;GNS2;SIG_PWR2;10.3997;10.3997;-1.14637e-11
9632.18;5572.57;SIG_PWR1;GND1;2.27712e-06;3.11228e-06;-0.00538969
9632.18;5572.57;GND1;GNS2;3.11228e-06;4.41859e-06;-0.00110114
9632.18;5572.57;GNS2;SIG_PWR2;4.41859e-06;4.41859e-06;5.46631e-18
9675.18;3544.82;SIG_PWR1;GND1;-8.52426e-05;-8.83897e-05;0.0203096
9675.18;3544.82;GND1;GNS2;-8.83897e-05;-0.000111819;0.0197493
9675.18;3544.82;GNS2;SIG_PWR2;-0.000111819;-0.000117668;0.0377465
9677.18;4635.82;SIG_PWR1;GND1;8.79653;8.79654;-0.0393943
9677.18;4635.82;GND1;GNS2;8.79654;8.79658;-0.0393943
9677.18;4635.82;GNS2;SIG_PWR2;8.79658;8.79659;-0.0393943
9677.18;4675.82;SIG_PWR1;GND1;8.79652;8.79653;-0.0346478
9677.18;4675.82;GND1;GNS2;8.79653;8.79657;-0.0346478
9677.18;4675.82;GNS2;SIG_PWR2;8.79657;8.79658;-0.0346478
9698.18;6420.82;SIG_PWR1;GND1;2.51797e-05;2.52428e-05;-0.000407295
9698.18;6420.82;GND1;GNS2;2.52428e-05;2.528e-05;-3.13817e-05
9698.18;6420.82;GNS2;SIG_PWR2;2.528e-05;2.52608e-05;0.000124203
9709.36;4635.82;SIG_PWR1;GND1;8.79654;8.79655;-0.0342179
9709.36;4635.82;GND1;GNS2;8.79655;8.79659;-0.0342179
9709.36;4635.82;GNS2;SIG_PWR2;8.79659;8.79659;-0.0342179
9709.36;4675.82;SIG_PWR1;GND1;8.79654;8.79654;-0.0274583
9709.36;4675.82;GND1;GNS2;8.79654;8.79657;-0.0274583
9709.36;4675.82;GNS2;SIG_PWR2;8.79657;8.79658;-0.0274583
9728.18;4803.82;SIG_PWR1;GND1;-3.1332e-05;-2.9631e-05;-0.0109773
9728.18;4803.82;GND1;GNS2;-2.9631e-05;-2.54765e-05;-0.00350199
9728.18;4803.82;GNS2;SIG_PWR2;-2.54765e-05;-2.37517e-05;-0.0111306
9748.27;3542.13;SIG_PWR1;GND1;-9.03553e-05;-9.49901e-05;0.0299106
9748.27;3542.13;GND1;GNS2;-9.49901e-05;-0.000123707;0.0242065
9748.27;3542.13;GNS2;SIG_PWR2;-0.000123707;-0.000130131;0.0414587
9748.27;5904.34;SIG_PWR1;GND1;1.40287e-05;1.34538e-05;0.00371008
9748.27;5904.34;GND1;GNS2;1.34538e-05;1.34484e-05;4.55956e-06
9748.27;5904.34;GNS2;SIG_PWR2;1.34484e-05;1.38602e-05;-0.00265783
9748.27;7820.63;SIG_PWR1;GND1;4.27375e-05;4.25211e-05;0.00139689
9748.27;7820.63;GND1;GNS2;4.25211e-05;4.24441e-05;6.49071e-05
9748.27;7820.63;GNS2;SIG_PWR2;4.24441e-05;4.2615e-05;-0.00110296
9750.73;7605.82;SIG_PWR1;GND1;4.15701e-05;4.14575e-05;0.00072676
9750.73;7605.82;GND1;GNS2;4.14575e-05;4.17698e-05;-0.000263201
9750.73;7605.82;GNS2;SIG_PWR2;4.17698e-05;4.20465e-05;-0.00178568
9752.73;7407.82;SIG_PWR1;GND1;4.01879e-05;4.00747e-05;0.000730576
9752.73;7407.82;GND1;GNS2;4.00747e-05;4.06683e-05;-0.000500321
9752.73;7407.82;GNS2;SIG_PWR2;4.06683e-05;4.11158e-05;-0.00288809
9754.73;7209.82;SIG_PWR1;GND1;3.81609e-05;3.80393e-05;0.000785055
9754.73;7209.82;GND1;GNS2;3.80393e-05;3.86728e-05;-0.000534013
9754.73;7209.82;GNS2;SIG_PWR2;3.86728e-05;3.92799e-05;-0.00391775
9756.73;7011.82;SIG_PWR1;GND1;3.52067e-05;3.50924e-05;0.000737933
9756.73;7011.82;GND1;GNS2;3.50924e-05;3.42991e-05;0.00066865
9756.73;7011.82;GNS2;SIG_PWR2;3.42991e-05;3.38938e-05;0.00261598
9758.73;6813.82;SIG_PWR1;GND1;3.18846e-05;3.19479e-05;-0.000408356
9758.73;6813.82;GND1;GNS2;3.19479e-05;3.17261e-05;0.00018694
9758.73;6813.82;GNS2;SIG_PWR2;3.17261e-05;3.16628e-05;0.000408558
9760.73;6615.82;SIG_PWR1;GND1;2.90235e-05;2.89205e-05;0.000664777
9760.73;6615.82;GND1;GNS2;2.89205e-05;2.87539e-05;0.000140411
9760.73;6615.82;GNS2;SIG_PWR2;2.87539e-05;2.88309e-05;-0.000496707
9763.45;6194.82;SIG_PWR1;GND1;1.99153e-05;1.99357e-05;-0.000131924
9763.45;6194.82;GND1;GNS2;1.99357e-05;2.01753e-05;-0.000201934
9763.45;6194.82;GNS2;SIG_PWR2;2.01753e-05;2.0213e-05;-0.000243636
9881.18;5354.82;SIG_PWR1;GND1;-7.52866e-06;-7.37598e-06;-0.000985298
9881.18;5354.82;GND1;GNS2;-7.37598e-06;-6.95254e-06;-0.000356936
9881.18;5354.82;GNS2;SIG_PWR2;-6.95254e-06;-6.95254e-06;-5.46631e-18
9881.18;6083.82;SIG_PWR1;GND1;1.5177e-05;1.56361e-05;-0.00296283
9881.18;6083.82;GND1;GNS2;1.56361e-05;1.64249e-05;-0.000664963
9881.18;6083.82;GNS2;SIG_PWR2;1.64249e-05;1.65234e-05;-0.000635563
9895.91;6199.61;SIG_PWR1;GND1;1.90074e-05;1.89235e-05;0.000541476
9895.91;6199.61;GND1;GNS2;1.89235e-05;1.90811e-05;-0.000132853
9895.91;6199.61;GNS2;SIG_PWR2;1.90811e-05;1.92259e-05;-0.000934641
9895.91;6790.16;SIG_PWR1;GND1;3.06618e-05;3.05421e-05;0.00077226
9895.91;6790.16;GND1;GNS2;3.05421e-05;3.02855e-05;0.00021633
9895.91;6790.16;GNS2;SIG_PWR2;3.02855e-05;3.03858e-05;-0.000647565
9923.18;5786.82;SIG_PWR1;GND1;7.1128e-06;7.15523e-06;-0.000273804
9923.18;5786.82;GND1;GNS2;7.15523e-06;7.53344e-06;-0.000318808
9923.18;5786.82;GNS2;SIG_PWR2;7.53344e-06;7.66179e-06;-0.000828291
9925.18;5585.82;SIG_PWR1;GND1;6.24117e-07;6.80808e-07;-0.000365851
9925.18;5585.82;GND1;GNS2;6.80808e-07;1.70057e-06;-0.000859592
9925.18;5585.82;GNS2;SIG_PWR2;1.70057e-06;2.17002e-06;-0.00302961
9925.18;5687.82;SIG_PWR1;GND1;4.56704e-06;4.63222e-06;-0.000420645
9925.18;5687.82;GND1;GNS2;4.63222e-06;5.30249e-06;-0.000564999
9925.18;5687.82;GNS2;SIG_PWR2;5.30249e-06;5.54229e-06;-0.00154751
9969.18;7803.82;SIG_PWR1;GND1;3.2886;3.2886;-2.86592e-12
9969.18;7803.82;GND1;GNS2;3.2886;3.2886;-0
9969.18;7803.82;GNS2;SIG_PWR2;3.2886;3.2886;-2.86592e-12
9977.18;6101.82;SIG_PWR1;GND1;3.2886;3.2886;-2.86592e-12
9977.18;6101.82;GND1;GNS2;3.2886;3.2886;-1.12302e-12
9977.18;6101.82;GNS2;SIG_PWR2;3.2886;3.2886;-2.86592e-12
10032.2;7805.82;SIG_PWR1;GND1;3.2886;3.2886;-0
10032.2;7805.82;GND1;GNS2;3.2886;3.2886;-1.49736e-12
10032.2;7805.82;GNS2;SIG_PWR2;3.2886;3.2886;-5.73185e-12
10039.2;6102.82;SIG_PWR1;GND1;3.2886;3.2886;-0
10039.2;6102.82;GND1;GNS2;3.2886;3.2886;-2.62037e-12
10039.2;6102.82;GNS2;SIG_PWR2;3.2886;3.2886;-5.73185e-12
10049.2;3371.82;SIG_PWR1;GND1;-0.000152639;-0.000151053;-0.0102348
10049.2;3371.82;GND1;GNS2;-0.000151053;-0.000175543;0.0206437
10049.2;3371.82;GNS2;SIG_PWR2;-0.000175543;-0.000178721;0.0205057
10061.2;5896.82;SIG_PWR1;GND1;1.07641e-05;1.03542e-05;0.00264551
10061.2;5896.82;GND1;GNS2;1.03542e-05;9.46521e-06;0.000749324
10061.2;5896.82;GNS2;SIG_PWR2;9.46521e-06;9.2854e-06;0.00116044
10075.2;5488.82;SIG_PWR1;GND1;-4.75004e-06;-4.69417e-06;-0.000360561
10075.2;5488.82;GND1;GNS2;-4.69417e-06;-3.81762e-06;-0.000738871
10075.2;5488.82;GNS2;SIG_PWR2;-3.81762e-06;-3.4148e-06;-0.0025996
10091.9;3984.82;SIG_PWR1;GND1;-9.17634e-05;-9.24526e-05;0.00444779
10091.9;3984.82;GND1;GNS2;-9.24526e-05;-9.7666e-05;0.0043946
10091.9;3984.82;GNS2;SIG_PWR2;-9.7666e-05;-9.5646e-05;-0.0130361
10091.9;4085.82;SIG_PWR1;GND1;-8.35657e-05;-8.40182e-05;0.0029201
10091.9;4085.82;GND1;GNS2;-8.40182e-05;-8.8368e-05;0.00366664
10091.9;4085.82;GNS2;SIG_PWR2;-8.8368e-05;-8.79077e-05;-0.0029708
10091.9;4186.82;SIG_PWR1;GND1;-7.58391e-05;-7.59813e-05;0.000917535
10091.9;4186.82;GND1;GNS2;-7.59813e-05;-8.04107e-05;0.0037337
10091.9;4186.82;GNS2;SIG_PWR2;-8.04107e-05;-8.12815e-05;0.0056199
10091.9;4287.82;SIG_PWR1;GND1;-6.98158e-05;-7.00934e-05;0.00179167
10091.9;4287.82;GND1;GNS2;-7.00934e-05;-7.38355e-05;0.00315437
10091.9;4287.82;GNS2;SIG_PWR2;-7.38355e-05;-7.42771e-05;0.00284985
10091.9;4388.82;SIG_PWR1;GND1;-6.15713e-05;-6.1837e-05;0.00171521
10091.9;4388.82;GND1;GNS2;-6.1837e-05;-6.54801e-05;0.0030709
10091.9;4388.82;GNS2;SIG_PWR2;-6.54801e-05;-6.63029e-05;0.00530985
10091.9;4489.82;SIG_PWR1;GND1;-5.5951e-05;-5.63742e-05;0.00273131
10091.9;4489.82;GND1;GNS2;-5.63742e-05;-5.93367e-05;0.00249718
10091.9;4489.82;GNS2;SIG_PWR2;-5.93367e-05;-5.95251e-05;0.00121602
10091.9;4590.82;SIG_PWR1;GND1;-4.91566e-05;-4.94371e-05;0.00181067
10091.9;4590.82;GND1;GNS2;-4.94371e-05;-5.27412e-05;0.0027851
10091.9;4590.82;GNS2;SIG_PWR2;-5.27412e-05;-5.36806e-05;0.00606225
10091.9;4691.82;SIG_PWR1;GND1;-4.26211e-05;-4.28044e-05;0.00118313
10091.9;4691.82;GND1;GNS2;-4.28044e-05;-4.56727e-05;0.00241776
10091.9;4691.82;GNS2;SIG_PWR2;-4.56727e-05;-4.6625e-05;0.00614551
10092.2;4790.82;SIG_PWR1;GND1;-3.81924e-05;-3.84168e-05;0.00144793
10092.2;4790.82;GND1;GNS2;-3.84168e-05;-4.04065e-05;0.00167719
10092.2;4790.82;GNS2;SIG_PWR2;-4.04065e-05;-4.06849e-05;0.00179638
10092.2;4891.82;SIG_PWR1;GND1;-3.24293e-05;-3.24549e-05;0.00016536
10092.2;4891.82;GND1;GNS2;-3.24549e-05;-3.45539e-05;0.00176932
10092.2;4891.82;GNS2;SIG_PWR2;-3.45539e-05;-3.554e-05;0.00636374
10096.2;7974.82;SIG_PWR1;GND1;3.94487e-05;3.93892e-05;0.000384252
10096.2;7974.82;GND1;GNS2;3.93892e-05;3.91392e-05;0.000210723
10096.2;7974.82;GNS2;SIG_PWR2;3.91392e-05;3.9122e-05;0.00011048
10128.2;5896.82;SIG_PWR1;GND1;1.01061e-05;9.79165e-06;0.00202951
10128.2;5896.82;GND1;GNS2;9.79165e-06;8.91031e-06;0.000742917
10128.2;5896.82;GNS2;SIG_PWR2;8.91031e-06;8.72363e-06;0.00120474
10129.2;7801.82;SIG_PWR1;GND1;3.95044e-05;3.93424e-05;0.00104543
10129.2;7801.82;GND1;GNS2;3.93424e-05;3.86861e-05;0.000553203
10129.2;7801.82;GNS2;SIG_PWR2;3.86861e-05;3.85168e-05;0.00109281
10132.2;4990.82;SIG_PWR1;GND1;-2.89793e-05;-2.89932e-05;8.93232e-05
10132.2;4990.82;GND1;GNS2;-2.89932e-05;-3.01699e-05;0.000991874
10132.2;4990.82;GNS2;SIG_PWR2;-3.01699e-05;-3.05004e-05;0.00213334
10147.8;3547.28;SIG_PWR1;GND1;-0.000172441;-0.000175128;0.0336359
10147.8;3547.28;GND1;GNS2;-0.000175128;-0.000265104;0.147093
10147.8;3547.28;GNS2;SIG_PWR2;-0.000265104;-0.000300588;0.444107
10148.8;3794.32;SIG_PWR1;GND1;8.99906;8.99906;-7.53066e-11
10148.8;3794.32;GND1;GNS2;8.99906;8.99906;-7.21332e-11
10148.8;3794.32;GNS2;SIG_PWR2;8.99906;8.99906;-7.53066e-11
10151.7;8137.26;SIG_PWR1;GND1;3.91096e-05;3.91048e-05;7.55277e-05
10151.7;8137.26;GND1;GNS2;3.91048e-05;3.90502e-05;0.000111154
10151.7;8137.26;GNS2;SIG_PWR2;3.90502e-05;3.90464e-05;6.02884e-05
10152.2;5088.82;SIG_PWR1;GND1;-2.36574e-05;-2.34152e-05;-0.00156296
10152.2;5088.82;GND1;GNS2;-2.34152e-05;-2.38481e-05;0.000364939
10152.2;5088.82;GNS2;SIG_PWR2;-2.38481e-05;-2.41463e-05;0.00192427
10157.2;5389.82;SIG_PWR1;GND1;-8.51383e-06;-8.46369e-06;-0.000323541
10157.2;5389.82;GND1;GNS2;-8.46369e-06;-7.92911e-06;-0.000450618
10157.2;5389.82;GNS2;SIG_PWR2;-7.92911e-06;-7.71855e-06;-0.00135882
10159.2;5288.82;SIG_PWR1;GND1;-1.38617e-05;-1.38087e-05;-0.000342046
10159.2;5288.82;GND1;GNS2;-1.38087e-05;-1.37821e-05;-2.24187e-05
10159.2;5288.82;GNS2;SIG_PWR2;-1.37821e-05;-1.38492e-05;0.00043287
10178.1;8073.62;SIG_PWR1;GND1;3.91319e-05;3.91168e-05;0.00023623
10178.1;8073.62;GND1;GNS2;3.91168e-05;3.9032e-05;0.000172643
10178.1;8073.62;GNS2;SIG_PWR2;3.9032e-05;3.9025e-05;0.000109852
10178.1;8200.9;SIG_PWR1;GND1;3.90657e-05;3.9063e-05;4.27324e-05
10178.1;8200.9;GND1;GNS2;3.9063e-05;3.90359e-05;5.52008e-05
10178.1;8200.9;GNS2;SIG_PWR2;3.90359e-05;3.90343e-05;2.48898e-05
10191.2;7971.27;SIG_PWR1;GND1;3.92088e-05;3.919e-05;0.000120821
10191.2;7971.27;GND1;GNS2;3.919e-05;3.89634e-05;0.000191049
10191.2;7971.27;GNS2;SIG_PWR2;3.89634e-05;3.89251e-05;0.000247121
10241.7;8047.26;SIG_PWR1;GND1;3.90753e-05;3.90716e-05;5.84298e-05
10241.7;8047.26;GND1;GNS2;3.90716e-05;3.89772e-05;0.000192308
10241.7;8047.26;GNS2;SIG_PWR2;3.89772e-05;3.89668e-05;0.000162775
10276.3;8102.74;SIG_PWR1;GND1;3.90467e-05;3.90458e-05;6.6429e-05
10276.3;8102.74;GND1;GNS2;3.90458e-05;3.90272e-05;0.00017631
10276.3;8102.74;GNS2;SIG_PWR2;3.90272e-05;3.9026e-05;8.32062e-05
10241.7;8227.26;SIG_PWR1;GND1;3.90455e-05;3.90447e-05;1.15988e-05
10241.7;8227.26;GND1;GNS2;3.90447e-05;3.90245e-05;4.11769e-05
10241.7;8227.26;GNS2;SIG_PWR2;3.90245e-05;3.90231e-05;2.2376e-05
10247.2;3373.27;SIG_PWR1;GND1;-0.000159206;-0.000159879;0.00433983
10247.2;3373.27;GND1;GNS2;-0.000159879;-0.00018411;0.0204253
10247.2;3373.27;GNS2;SIG_PWR2;-0.00018411;-0.000186294;0.0140979
10305.4;8073.62;SIG_PWR1;GND1;3.90369e-05;3.90285e-05;0.000130997
10305.4;8073.62;GND1;GNS2;3.90285e-05;3.89473e-05;0.000165587
10305.4;8073.62;GNS2;SIG_PWR2;3.89473e-05;3.89381e-05;0.000144007
10305.4;8200.9;SIG_PWR1;GND1;3.90332e-05;3.90305e-05;4.08099e-05
10305.4;8200.9;GND1;GNS2;3.90305e-05;3.8999e-05;6.42307e-05
10305.4;8200.9;GNS2;SIG_PWR2;3.8999e-05;3.89961e-05;4.60807e-05
10331.7;8137.26;SIG_PWR1;GND1;3.90217e-05;3.90174e-05;6.60417e-05
10331.7;8137.26;GND1;GNS2;3.90174e-05;3.89651e-05;0.000106534
10331.7;8137.26;GNS2;SIG_PWR2;3.89651e-05;3.89628e-05;3.71271e-05
10358.2;3375.27;SIG_PWR1;GND1;-0.000159972;-0.000160947;0.00628989
10358.2;3375.27;GND1;GNS2;-0.000160947;-0.000182108;0.0178376
10358.2;3375.27;GNS2;SIG_PWR2;-0.000182108;-0.000183769;0.0107176
10358.2;3670.55;SIG_PWR1;GND1;-0.00014603;-0.000145758;-0.00175583
10358.2;3670.55;GND1;GNS2;-0.000145758;-0.000165166;0.0163595
10358.2;3670.55;GNS2;SIG_PWR2;-0.000165166;-0.000166269;0.00711807
10358.2;3965.82;SIG_PWR1;GND1;-0.000107441;-0.000106507;-0.00602867
10358.2;3965.82;GND1;GNS2;-0.000106507;-0.000113061;0.00552471
10358.2;3965.82;GNS2;SIG_PWR2;-0.000113061;-0.000113913;0.00549581
10358.2;4253.72;SIG_PWR1;GND1;-7.81062e-05;-7.80517e-05;-0.000351666
10358.2;4253.72;GND1;GNS2;-7.80517e-05;-8.06924e-05;0.00222593
10358.2;4253.72;GNS2;SIG_PWR2;-8.06924e-05;-8.06865e-05;-3.77705e-05
10358.2;4549;SIG_PWR1;GND1;-5.44189e-05;-5.4615e-05;0.00126506
10358.2;4549;GND1;GNS2;-5.4615e-05;-5.69595e-05;0.00197629
10358.2;4549;GNS2;SIG_PWR2;-5.69595e-05;-5.72536e-05;0.0018981
10358.2;4844.27;SIG_PWR1;GND1;-3.70984e-05;-3.68875e-05;-0.00136142
10358.2;4844.27;GND1;GNS2;-3.68875e-05;-3.78984e-05;0.000852152
10358.2;4844.27;GNS2;SIG_PWR2;-3.78984e-05;-3.82466e-05;0.00224681
10358.2;4945.27;SIG_PWR1;GND1;-3.17971e-05;-3.20598e-05;0.00169563
10358.2;4945.27;GND1;GNS2;-3.20598e-05;-3.2782e-05;0.000608783
10358.2;4945.27;GNS2;SIG_PWR2;-3.2782e-05;-3.25997e-05;-0.00117667
10358.2;5046.27;SIG_PWR1;GND1;-2.70437e-05;-2.67725e-05;-0.00174997
10358.2;5046.27;GND1;GNS2;-2.67725e-05;-2.73173e-05;0.000459181
10358.2;5046.27;GNS2;SIG_PWR2;-2.73173e-05;-2.77224e-05;0.0026146
10358.2;5139.55;SIG_PWR1;GND1;-2.22029e-05;-2.22774e-05;0.000480727
10358.2;5139.55;GND1;GNS2;-2.22774e-05;-2.2573e-05;0.000249188
10358.2;5139.55;GNS2;SIG_PWR2;-2.2573e-05;-2.25137e-05;-0.000382625
10358.2;5248.27;SIG_PWR1;GND1;-1.62308e-05;-1.63784e-05;0.000952971
10358.2;5248.27;GND1;GNS2;-1.63784e-05;-1.66598e-05;0.000237148
10358.2;5248.27;GNS2;SIG_PWR2;-1.66598e-05;-1.66829e-05;0.000149379
10358.2;5349.27;SIG_PWR1;GND1;-1.19334e-05;-1.16452e-05;-0.00185969
10358.2;5349.27;GND1;GNS2;-1.16452e-05;-1.12851e-05;-0.000303542
10358.2;5349.27;GNS2;SIG_PWR2;-1.12851e-05;-1.12677e-05;-0.000112081
10358.2;5450.27;SIG_PWR1;GND1;-7.47409e-06;-7.71395e-06;0.00154793
10358.2;5450.27;GND1;GNS2;-7.71395e-06;-7.87081e-06;0.000132218
10358.2;5450.27;GNS2;SIG_PWR2;-7.87081e-06;-7.87145e-06;4.14704e-06
10358.2;5551.27;SIG_PWR1;GND1;-3.75638e-06;-3.6063e-06;-0.000968582
10358.2;5551.27;GND1;GNS2;-3.6063e-06;-3.31678e-06;-0.000244041
10358.2;5551.27;GNS2;SIG_PWR2;-3.31678e-06;-3.29484e-06;-0.000141631
10358.2;5652.27;SIG_PWR1;GND1;7.60306e-07;7.87924e-07;-0.000178231
10358.2;5652.27;GND1;GNS2;7.87924e-07;8.51663e-07;-5.37282e-05
10358.2;5652.27;GNS2;SIG_PWR2;8.51663e-07;8.48972e-07;1.7365e-05
10364.2;5734.89;SIG_PWR1;GND1;3.4965e-06;3.5064e-06;-6.38642e-05
10364.2;5734.89;GND1;GNS2;3.5064e-06;3.40884e-06;8.22389e-05
10364.2;5734.89;GNS2;SIG_PWR2;3.40884e-06;3.3641e-06;0.000288738
10364.2;6030.17;SIG_PWR1;GND1;1.2091e-05;1.19981e-05;0.000599657
10364.2;6030.17;GND1;GNS2;1.19981e-05;1.15233e-05;0.000400263
10364.2;6030.17;GNS2;SIG_PWR2;1.15233e-05;1.14641e-05;0.000381551
10364.2;6325.45;SIG_PWR1;GND1;1.95243e-05;1.94835e-05;0.000263449
10364.2;6325.45;GND1;GNS2;1.94835e-05;1.87603e-05;0.000609618
10364.2;6325.45;GNS2;SIG_PWR2;1.87603e-05;1.85372e-05;0.0014399
10364.2;6620.72;SIG_PWR1;GND1;2.59872e-05;2.58929e-05;0.000608623
10364.2;6620.72;GND1;GNS2;2.58929e-05;2.4869e-05;0.00086303
10364.2;6620.72;GNS2;SIG_PWR2;2.4869e-05;2.45696e-05;0.00193219
10364.2;6916;SIG_PWR1;GND1;3.08245e-05;3.06587e-05;0.00107007
10364.2;6916;GND1;GNS2;3.06587e-05;2.95727e-05;0.00091542
10364.2;6916;GNS2;SIG_PWR2;2.95727e-05;2.93265e-05;0.00158909
10364.2;7211.27;SIG_PWR1;GND1;3.47265e-05;3.46194e-05;0.000691151
10364.2;7211.27;GND1;GNS2;3.46194e-05;3.36321e-05;0.000832285
10364.2;7211.27;GNS2;SIG_PWR2;3.36321e-05;3.33638e-05;0.00173135
10364.2;7506.55;SIG_PWR1;GND1;3.75645e-05;3.74465e-05;0.000761616
10364.2;7506.55;GND1;GNS2;3.74465e-05;3.65724e-05;0.00073677
10364.2;7506.55;GNS2;SIG_PWR2;3.65724e-05;3.63456e-05;0.00146373
10364.2;7801.82;SIG_PWR1;GND1;3.87563e-05;3.86979e-05;0.000376754
10364.2;7801.82;GND1;GNS2;3.86979e-05;3.82326e-05;0.00039222
10364.2;7801.82;GNS2;SIG_PWR2;3.82326e-05;3.81572e-05;0.000486926
10390.2;7975.82;SIG_PWR1;GND1;3.89967e-05;3.89739e-05;0.000147186
10390.2;7975.82;GND1;GNS2;3.89739e-05;3.87432e-05;0.000194505
10390.2;7975.82;GNS2;SIG_PWR2;3.87432e-05;3.87055e-05;0.000243288
